"Id","Name"
"001B0000018KREfIAO","Zenith Distributors"
"001B0000018KREgIAO","Green Fields Media"
"001B0000018KREhIAO","Robert Weiss"
"001B0000018KREiIAO","Datanet, Inc."
"001B0000018KREjIAO","Profesional Services"
"001B0000018KREkIAO","Inventure, Inc."
"001B0000018KRElIAO","Aims Social, Inc."
"001B0000018KREmIAO","Universal Containers"
"001B0000018KREnIAO","Opportunity Resources Inc"
"001B0000018KREoIAO","Southern Solutions"
"001B0000018KRECIA4","Pinnacle Partners"
"001B0000018KREBIA4","Acme Partners"
"001B0000018KREDIA4","Summit Resellers"
"001B0000018KREEIA4","Meridian Partners"
"001B0000018KREGIA4","Ohana Insurance"
"001B0000018KREFIA4","Ohana, Inc."
"001B0000018KREHIA4","Displaytech"
"001B0000018KREIIA4","Vand Enterprises, Inc."
"001B0000018KREJIA4","Advanced Communications"
"001B0000018KREKIA4","Upstyle Inc."
"001B0000018KRELIA4","Tech Labs"
"001B0000018KREpIAO","Valley Supply Inc."
"001B0000018KREqIAO","General Utilities"
"001B0000018KRErIAO","Missoula & Sons Inc."
"001B0000018KREsIAO","Morpon Brothers"
"001B0000018KREtIAO","Universal Services"
"001B0000018KREuIAO","Anaco Limited"
"001B0000018KREvIAO","Associated Supply Co."
"001B0000018KREwIAO","Allied Technologies"
"001B0000018KRExIAO","Big Sky & Sons"
"001B0000018KREyIAO","Peter Houston"
"001B0000018KREzIAO","Homeland Company"
"001B0000018KRF0IAO","XPower"
"001B0000018KRF1IAO","Open Source Inc."
"001B0000018KRF2IAO","Towson Inc."
"001B0000018KRF3IAO","Optos Inc."
"001B0000018KRF4IAO","UlyssesNet"
"001B0000018KRF5IAO","Permadyne GmbH, LTD"
"001B0000018KRF6IAO","Employnet"
"001B0000018KRF7IAO","Tyconet"
"001B0000018KRF8IAO","Haven Enterprises"
"001B0000018KRF9IAO","Goodman Imports"
"001B0000018KRFAIA4","Roseburg Products"
"001B0000018KRFSIA4","NSC"
"001B0000018KRFTIA4","Ohana Tools"
"001B0000018KRFUIA4","Ohana Construction, Inc."
"001B0000018KRFBIA4","Gusto Manufacturing"
"001B0000018KRFCIA4","Harmon Consulting"
"001B0000018KRFDIA4","AJC Corporation"
"001B0000018KRFEIA4","Troy Bullock"
"001B0000018KRFFIA4","Mike Malmin"
"001B0000018KRFGIA4","Kari Rende"
"001B0000018KRFHIA4","Jon Allegri"
"001B0000018KRFIIA4","Niki Sullivan"
"001B0000018KRFJIA4","Chip Colli"
"001B0000018KRFVIA4","Amptech Corporation"
"001B0000018KRFWIA4","Integrity Systems"
"001B0000018KRFXIA4","Silodyne Company"
"001B0000018KRFYIA4","PortalAccount"
"001B0000018KRFZIA4","CCAnonymous"
"001B0000018KRFaIAO","Ohana Systems"
"001B0000018KRFbIAO","Ohana Technologies"
"001B0000018KRFcIAO","Assurity Corporation"
"001B0000018KRFdIAO","Biospan, LLC."
"001B0000018KRFeIAO","Plasmosis, Inc."
"001B0000018KRFfIAO","Accusage, Inc."
"001B0000018KRFgIAO","NetAssist, Inc."
"001B0000018KRFhIAO","Bailey Construction"
"001B0000018KRFiIAO","Auric Distribution"
"001B0000018KRFjIAO","Acme Industrial Products"
"001B0000018KREMIA4","Red Studio Designs"
"001B0000018KRENIA4","Larry Baxter"
"001B0000018KREOIA4","Tammy Baxter"
"001B0000018KREPIA4","Russell Hartman"
"001B0000018KREQIA4","Mike Welch"
"001B0000018KRFKIA4","Bob Warkentine"
"001B0000018KRFLIA4","Steve Sutherland"
"001B0000018KRFMIA4","Benjamin Young"
"001B0000018KRFNIA4","Nicole Grace"
"001B0000018KRFOIA4","Momentum Design"
"001B0000018KRFPIA4","Wellspring, Inc."
"001B0000018KRFQIA4","Unknown Customer"
"001B0000018KRFRIA4","Ohana Financial Services"
"001B0000018KRFkIAO","Tools Supply"
"001B0000018KRFlIAO","Fast Power Systems"
"001B0000018KRERIA4","Karen Wells"
"001B0000018KRESIA4","Mina Passini"
"001B0000018KRETIA4","Stacy McNeil"
"001B0000018KREUIA4","Deanna Collins"
"001B0000018KREVIA4","Andy Peterson"
"001B0000018KREWIA4","Anne Frost"
"001B0000018KREXIA4","Robert Janzen"
"001B0000018KREYIA4","Heath Axworth"
"001B0000018KREZIA4","Duncan Macintosh"
"001B0000018KREaIAO","Lance Gonzales"
"001B0000018KREbIAO","Gabe Hoskins"
"001B0000018KREcIAO","Robert Simpson"
"001B0000018KREdIAO","Mike Garcia"
"001B0000018KREeIAO","Mark Smith"
