"Id","External_ID__c","Name"
"0010b00002CfRC3AAN","Account.057","Zenith Distributors"
"0010b00002CfRCtAAN","Account.059","Integrity Systems"
"0010b00002CfRC8AAN","Account.058","Newton Farms"
"0010b00002CfRCvAAN","Account.061","PortalAccount"
"0010b00002CfRCwAAN","Account.062","CCAnonymous"
"0010b00002CfRBaAAN","Account.060","5555-ENTR AE"
"0010b00002CfRBbAAN","Account.001","*Ohana, Inc."
"0010b00002CfRCrAAN","Account.004","Ohana Financial Services"
"0010b00002CfRCxAAN","Account.002","Ohana Systems"
"0010b00002CfRCBAA3","Account.023","Universal Containers"
"0010b00002CfRCEAA3","Account.024","Southern Solutions"
"0010b00002CfRCGAA3","Account.025","General Utilities"
"0010b00002CfRCLAA3","Account.026","Associated Supply Co."
"0010b00002CfRCFAA3","Account.027","Valley Supply Inc."
"0010b00002CfRCDAA3","Account.028","Opportunity Resources Inc"
"0010b00002CfRCHAA3","Account.029","Missoula & Sons Inc."
"0010b00002CfRBZAA3","Account.010","Acme Partners"
"0010b00002CfRCNAA3","Account.030","Big Sky & Sons"
"0010b00002CfRBhAAN","Account.006","Advanced Communications"
"0010b00002CfRCJAA3","Account.007","Universal Services"
"0010b00002CfRCIAA3","Account.031","Morpon Brothers"
"0010b00002CfRBgAAN","Account.008","Vand Enterprises, Inc."
"0010b00002CfRCMAA3","Account.009","Allied Technologies"
"0010b00002CfRCyAAN","Account.003","Ohana Technologies"
"0010b00002CfRCCAA3","Account.005","Ohana Insurance"
"0010b00002CfRCKAA3","Account.032","Anaco Limited"
"0010b00002CfRC6AAN","Account.033","Datanet, Inc."
"0010b00002CfRCsAAN","Account.034","Amptech Corporation"
"0010b00002CfRCAAA3","Account.035","Aims Social, Inc."
"0010b00002CfRCPAA3","Account.036","Homeland Company"
"0010b00002CfRCQAA3","Account.013","XPower"
"0010b00002CfRCRAA3","Account.021","Open Source Inc."
"0010b00002CfRCSAA3","Account.012","Towson Inc."
"0010b00002CfRCTAA3","Account.022","Optos Inc."
"0010b00002CfRCUAA3","Account.020","UlyssesNet"
"0010b00002CfRCVAA3","Account.014","Permadyne GmbH, LTD"
"0010b00002CfRCXAA3","Account.015","Tyconet"
"0010b00002CfRCWAA3","Account.016","Employnet"
"0010b00002CfRBcAAN","Account.018","Displaytech"
"0010b00002CfRCYAA3","Account.019","Haven Enterprises"
"0010b00002CfRCZAA3","Account.042","Goodman Imports"
"0010b00002CfRBdAAN","Account.039","Summit Resellers"
"0010b00002CfRCaAAN","Account.038","Roseburg Products"
"0010b00002CfRCbAAN","Account.041","Gusto Manufacturing"
"0010b00002CfRCcAAN","Account.040","Harmon Consulting"
"0010b00002CfRCdAAN","Account.037","AJC Corporation"
"0010b00002CfRBeAAN","Account.011","Meridian Partners"
"0010b00002CfRBfAAN","Account.017","Pinnacle Partners"
"0010b00002CfRCzAAN","Account.051","Biospan, LLC."
"0010b00002CfRC4AAN","Account.043","Green Fields Media"
"0010b00002CfRCpAAN","Account.044","Wellspring, Inc."
"0010b00002CfRCoAAN","Account.045","Momentum Design"
"0010b00002CfRBiAAN","Account.053","Upstyle Inc."
"0010b00002CfRBjAAN","Account.054","Tech Labs"
"0010b00002CfRBkAAN","Account.052","Red Studio Designs"
"0010b00002CfRD0AAN","Account.056","Assurity Corporation"
"0010b00002CfRCuAAN","Account.046","Silodyne Company"
"0010b00002CfRD1AAN","Account.047","Plasmosis, Inc."
"0010b00002CfRC9AAN","Account.048","Inventure, Inc."
"0010b00002CfRD3AAN","Account.049","NetAssist, Inc."
"0010b00002CfRD2AAN","Account.050","Accusage, Inc."