"Id","External_ID__c","Name","IsActive","RelatedRecordId"
"0Hn0b000000TgXgCAK","ServiceResource.001","Xavier Acme","true","0050b000005EYQWAA4"
"0Hn0b000000TgXhCAK","ServiceResource.002","Yvette Acme","true","0050b000005EYQXAA4"
"0Hn0b000000TgXiCAK","ServiceResource.003","Zach Acme","true","0050b000005EYQYAA4"
"0Hn0b000000TgXjCAK","ServiceResource.004","Alan Reed","true","0050b000005EYUFAA4"
"0Hn0b000000TgXkCAK","ServiceResource.005","Alexander Raneri","true","0050b000005EYUKAA4"
"0Hn0b000000TgXlCAK","ServiceResource.006","Gloria Barnes","true","0050b000005EYUHAA4"
"0Hn0b000000TgXmCAK","ServiceResource.007","Harry Long","true","0050b000005EYUIAA4"
"0Hn0b000000TgXnCAK","ServiceResource.008","Jane Austin","true","0050b000005EYUGAA4"
"0Hn0b000000TgXoCAK","ServiceResource.009","Janice Gonzales","true","0050b000005EYUCAA4"
"0Hn0b000000TgXpCAK","ServiceResource.010","Louise Martin","true","0050b000005EYUDAA4"
"0Hn0b000000TgXqCAK","ServiceResource.011","Matthew Parker","true","0050b000005EYUJAA4"
"0Hn0b000000TgXrCAK","ServiceResource.012","Ralph Clark","true","0050b000005EYUEAA4"
"0Hn0b000000TgXsCAK","ServiceResource.013","Acme Partners","true","0050b000005EYQVAA4"
"0Hn0b000000TgXtCAK","ServiceResource.014","Andy James","true","0050b000005EYULAA4"
"0Hn0b000000TgXuCAK","ServiceResource.015","James Clifton","true","0050b000005EYUMAA4"
"0Hn0b000000TgXvCAK","ServiceResource.016","Janet Jones","true","0050b000005EYUNAA4"
"0Hn0b000000TgXwCAK","ServiceResource.017","Jim Matthews","true","0050b000005EYUOAA4"
"0Hn0b000000TgXxCAK","ServiceResource.018","Lamar Smith","true","0050b000005EYUQAA4"
"0Hn0b000000TgXyCAK","ServiceResource.019","Martino Castanon","true","0050b000005EYUVAA4"
"0Hn0b000000TgXzCAK","ServiceResource.020","Mary Adams","true","0050b000005EYURAA4"
"0Hn0b000000TgY0CAK","ServiceResource.021","Melissa Wood","true","0050b000005EYUSAA4"
"0Hn0b000000TgY1CAK","ServiceResource.022","Pam Lawison","true","0050b000005EYUTAA4"
"0Hn0b000000TgY2CAK","ServiceResource.023","Paul Morrison","true","0050b000005EYUUAA4"
