"Id","Name","Type","Status"
"00v1U000000oHr9QAE","Martin Young","Contact","Sent"
"00v1U000000oHrAQAU","Justin Smith","Contact","Sent"
"00v1U000000oCWsQAM","Rachel Adams (Sample)","Contact","Sent"
"00v1U000000oCWtQAM","Neil Symonds (Sample)","Contact","Sent"
"00v1U000000oCWuQAM","Nigel Adams (Sample)","Contact","Sent"
"00v1U000000oCWvQAM","Martin Young","Contact","Sent"
"00v1U000000oCWwQAM","Justin Smith","Contact","Sent"
"00v1U000000oCWxQAM","Jinni Boyd","Contact","Sent"
"00v1U000000oCWyQAM","Willie Hester","Contact","Sent"
"00v1U000000oCWzQAM","Reuben Holder","Contact","Sent"
"00v1U000000oCX0QAM","Deshawn Baldwin","Contact","Sent"
"00v1U000000oCX1QAM","Isaac Molina","Contact","Sent"
"00v1U000000oCX2QAM","Karter Garner","Contact","Sent"
"00v1U000000oCX3QAM","Tyrell Smith","Contact","Sent"
"00v1U000000oCX4QAM","Guillermo Mccoy","Contact","Sent"
"00v1U000000oCX5QAM","Billy Holder","Contact","Sent"
"00v1U000000oCX6QAM","Keenan Petty","Contact","Sent"
"00v1U000000oCX7QAM","Zane Arroyo","Contact","Sent"
"00v1U000000oCX8QAM","Nathan Henry","Contact","Sent"
"00v1U000000oCX9QAM","Austin Harvey","Contact","Sent"
"00v1U000000oCXAQA2","Kasen Mclean","Contact","Sent"
"00v1U000000oCXBQA2","Nigel Gibbs","Contact","Sent"
"00v1U000000oCXCQA2","Quinton Harrell","Contact","Sent"
"00v1U000000oCXDQA2","Stephen Harrell","Contact","Sent"
"00v1U000000oCXEQA2","Sidney Abbott","Contact","Sent"
"00v1U000000oCXFQA2","Alejandro Bates","Contact","Sent"
"00v1U000000oCXGQA2","Kameron Porter","Contact","Sent"
"00v1U000000oCXHQA2","Emilio Murillo","Contact","Sent"
"00v1U000000oCXIQA2","Andreas Roy","Contact","Sent"
"00v1U000000oCXJQA2","Agustin Hodges","Contact","Sent"
"00v1U000000oCXKQA2","Deangelo Elliott","Contact","Sent"
"00v1U000000oCXLQA2","Davon David","Contact","Sent"
"00v1U000000oCXMQA2","Cason Bullock","Contact","Sent"
"00v1U000000oCXNQA2","Gerald Woodward","Contact","Sent"
"00v1U000000oCXOQA2","Mathew Ibarra","Contact","Sent"
"00v1U000000oCXPQA2","Remington Cowan","Contact","Sent"
"00v1U000000oCXQQA2","Chad Johnson","Contact","Sent"
"00v1U000000oCXRQA2","Skylar Rodriguez","Contact","Sent"
"00v1U000000oCXSQA2","Arthur Mcclure","Contact","Sent"
"00v1U000000oCXTQA2","Kody Charles","Contact","Sent"
"00v1U000000oCXUQA2","Noel Bradshaw","Contact","Sent"
"00v1U000000oCXVQA2","Julius Oneill","Contact","Sent"
"00v1U000000oCXWQA2","Fisher Arias","Contact","Sent"
"00v1U000000oCXXQA2","Conner Lynch","Contact","Sent"
"00v1U000000oCXYQA2","Arym Diamond","Contact","Sent"
"00v1U000000oCXZQA2","Sergio Hoffman","Contact","Sent"
"00v1U000000oCXaQAM","Marvin Stephenson","Contact","Sent"
"00v1U000000oCXbQAM","Davion Townsend","Contact","Sent"
"00v1U000000oCXcQAM","Jovany Taylor","Contact","Sent"
"00v1U000000oCXdQAM","Tristen Harding","Contact","Sent"
"00v1U000000oCXeQAM","Joshua Mcknight","Contact","Sent"
"00v1U000000oCXfQAM","Ernest Peck","Contact","Sent"
"00v1U000000oCXgQAM","Howard Sandoval","Contact","Sent"
"00v1U000000oCXhQAM","Jadon Garcia","Contact","Sent"
"00v1U000000oCXiQAM","Terrell Valencia","Contact","Sent"
"00v1U000000oCXjQAM","Aedan Miranda","Contact","Sent"
"00v1U000000oCXkQAM","Alisson Lynn","Contact","Sent"
"00v1U000000oCXlQAM","Breanna Mclean","Contact","Sent"
"00v1U000000oCXmQAM","Caitlyn Ruiz","Contact","Sent"
"00v1U000000oCXnQAM","Jovan Allen","Contact","Sent"
"00v1U000000oCXoQAM","Keyon Bullock","Contact","Sent"
"00v1U000000oCXpQAM","Peter Salas","Contact","Sent"
"00v1U000000oCXqQAM","Gokul Rao","Contact","Sent"
"00v1U000000oCXrQAM","Sandra Bush","Contact","Sent"
"00v1U000000oCXsQAM","Hector Hernandez","Contact","Sent"
"00v1U000000oCXtQAM","Addyson Knight","Contact","Sent"
"00v1U000000oCXuQAM","Camilla Cross","Contact","Sent"
"00v1U000000oCXvQAM","Bruno Ibarra","Contact","Sent"
"00v1U000000oCXwQAM","Jaylin Gill","Contact","Sent"
"00v1U000000oCXxQAM","Kyle Rhodes","Contact","Sent"
"00v1U000000oCXyQAM","Rebecca Berger","Contact","Sent"
"00v1U000000oCXzQAM","Marc Hays","Contact","Sent"
"00v1U000000oCY0QAM","Elizabeth Sanford","Contact","Sent"
"00v1U000000oCY1QAM","Jalen Savage","Contact","Sent"
"00v1U000000oCY2QAM","Jaydin Herrera","Contact","Sent"
"00v1U000000oCY3QAM","Deven Murray","Contact","Sent"
"00v1U000000oCY4QAM","Brayan Arroyo","Contact","Sent"
"00v1U000000oCY5QAM","Aydan Bates","Contact","Sent"
"00v1U000000oCY6QAM","Matthias Mathis","Contact","Sent"
"00v1U000000oCY7QAM","Mayra Armstrong","Contact","Sent"
"00v1U000000oCY8QAM","Amirah Bolton","Contact","Sent"
"00v1U000000oCY9QAM","Gwendolyn Baker","Contact","Sent"
"00v1U000000oCYAQA2","Keely Lutz","Contact","Sent"
"00v1U000000oCYBQA2","Kenyon Hays","Contact","Sent"
"00v1U000000oCYCQA2","Jaylon Stevenson","Contact","Sent"
"00v1U000000oCYDQA2","Aryanna Hobbs","Contact","Sent"
"00v1U000000oCYEQA2","Kira Black","Contact","Sent"
"00v1U000000oCYFQA2","Mary Frey","Contact","Sent"
"00v1U000000oCYGQA2","Ryder Mills","Contact","Sent"
"00v1U000000oCYHQA2","Moses Schneider","Contact","Sent"
"00v1U000000oCYIQA2","Victor Murray","Contact","Sent"
"00v1U000000oCYJQA2","Reagan Bond","Contact","Sent"
"00v1U000000oCYKQA2","Shaun Duran","Contact","Sent"
"00v1U000000oCYLQA2","Giovanny Avila","Contact","Sent"
"00v1U000000oCYMQA2","Raida Potts","Contact","Sent"
"00v1U000000oCYNQA2","Alessandro Parrish","Contact","Sent"
"00v1U000000oCYOQA2","Samara Campos","Contact","Sent"
"00v1U000000oCYPQA2","Emma Jacobson","Contact","Sent"
"00v1U000000oCS4QAM","Rachel Adams (Sample)","Contact","Sent"
"00v1U000000oCS5QAM","Neil Symonds (Sample)","Contact","Sent"
"00v1U000000oCS6QAM","Nigel Adams (Sample)","Contact","Sent"
"00v1U000000oCS7QAM","Martin Young","Contact","Sent"
"00v1U000000oCS8QAM","Justin Smith","Contact","Sent"
"00v1U000000oCS9QAM","Jinni Boyd","Contact","Sent"
"00v1U000000oCSAQA2","Willie Hester","Contact","Sent"
"00v1U000000oCSBQA2","Reuben Holder","Contact","Sent"
"00v1U000000oCSCQA2","Deshawn Baldwin","Contact","Sent"
"00v1U000000oCSDQA2","Isaac Molina","Contact","Sent"
"00v1U000000oCSEQA2","Karter Garner","Contact","Sent"
"00v1U000000oCSFQA2","Tyrell Smith","Contact","Sent"
"00v1U000000oCSGQA2","Guillermo Mccoy","Contact","Sent"
"00v1U000000oCSHQA2","Billy Holder","Contact","Sent"
"00v1U000000oCSIQA2","Keenan Petty","Contact","Sent"
"00v1U000000oCSJQA2","Zane Arroyo","Contact","Sent"
"00v1U000000oCSKQA2","Nathan Henry","Contact","Sent"
"00v1U000000oCSLQA2","Austin Harvey","Contact","Sent"
"00v1U000000oCSMQA2","Kasen Mclean","Contact","Sent"
"00v1U000000oCSNQA2","Nigel Gibbs","Contact","Sent"
"00v1U000000oCSOQA2","Quinton Harrell","Contact","Sent"
"00v1U000000oCSPQA2","Stephen Harrell","Contact","Sent"
"00v1U000000oCSQQA2","Sidney Abbott","Contact","Sent"
"00v1U000000oCSRQA2","Alejandro Bates","Contact","Sent"
"00v1U000000oCSSQA2","Kameron Porter","Contact","Sent"
"00v1U000000oCSTQA2","Emilio Murillo","Contact","Sent"
"00v1U000000oCSUQA2","Andreas Roy","Contact","Sent"
"00v1U000000oCSVQA2","Agustin Hodges","Contact","Sent"
"00v1U000000oCSWQA2","Deangelo Elliott","Contact","Sent"
"00v1U000000oCSXQA2","Davon David","Contact","Sent"
"00v1U000000oCSYQA2","Cason Bullock","Contact","Sent"
"00v1U000000oCSZQA2","Gerald Woodward","Contact","Sent"
"00v1U000000oCSaQAM","Mathew Ibarra","Contact","Sent"
"00v1U000000oCSbQAM","Remington Cowan","Contact","Sent"
"00v1U000000oCScQAM","Chad Johnson","Contact","Sent"
"00v1U000000oCSdQAM","Skylar Rodriguez","Contact","Sent"
"00v1U000000oCSeQAM","Arthur Mcclure","Contact","Sent"
"00v1U000000oCSfQAM","Kody Charles","Contact","Sent"
"00v1U000000oCSgQAM","Noel Bradshaw","Contact","Sent"
"00v1U000000oCShQAM","Julius Oneill","Contact","Sent"
"00v1U000000oCSiQAM","Fisher Arias","Contact","Sent"
"00v1U000000oCSjQAM","Conner Lynch","Contact","Sent"
"00v1U000000oCSkQAM","Arym Diamond","Contact","Sent"
"00v1U000000oCSlQAM","Sergio Hoffman","Contact","Sent"
"00v1U000000oCSmQAM","Marvin Stephenson","Contact","Sent"
"00v1U000000oCSnQAM","Davion Townsend","Contact","Sent"
"00v1U000000oCSoQAM","Jovany Taylor","Contact","Sent"
"00v1U000000oCSpQAM","Tristen Harding","Contact","Sent"
"00v1U000000oCSqQAM","Joshua Mcknight","Contact","Sent"
"00v1U000000oCSrQAM","Ernest Peck","Contact","Sent"
"00v1U000000oCSsQAM","Howard Sandoval","Contact","Sent"
"00v1U000000oCStQAM","Jadon Garcia","Contact","Sent"
"00v1U000000oCSuQAM","Terrell Valencia","Contact","Sent"
"00v1U000000oCSvQAM","Aedan Miranda","Contact","Sent"
"00v1U000000oCSwQAM","Alisson Lynn","Contact","Sent"
"00v1U000000oCSxQAM","Breanna Mclean","Contact","Sent"
"00v1U000000oCSyQAM","Caitlyn Ruiz","Contact","Sent"
"00v1U000000oCSzQAM","Jovan Allen","Contact","Sent"
"00v1U000000oCT0QAM","Keyon Bullock","Contact","Sent"
"00v1U000000oCT1QAM","Peter Salas","Contact","Sent"
"00v1U000000oCT2QAM","Gokul Rao","Contact","Sent"
"00v1U000000oCT3QAM","Sandra Bush","Contact","Sent"
"00v1U000000oCT4QAM","Hector Hernandez","Contact","Sent"
"00v1U000000oCT5QAM","Addyson Knight","Contact","Sent"
"00v1U000000oCT6QAM","Camilla Cross","Contact","Sent"
"00v1U000000oCT7QAM","Bruno Ibarra","Contact","Sent"
"00v1U000000oCT8QAM","Jaylin Gill","Contact","Sent"
"00v1U000000oCT9QAM","Kyle Rhodes","Contact","Sent"
"00v1U000000oCTAQA2","Rebecca Berger","Contact","Sent"
"00v1U000000oCTBQA2","Marc Hays","Contact","Sent"
"00v1U000000oCTCQA2","Elizabeth Sanford","Contact","Sent"
"00v1U000000oCTDQA2","Jalen Savage","Contact","Sent"
"00v1U000000oCTEQA2","Jaydin Herrera","Contact","Sent"
"00v1U000000oCTFQA2","Deven Murray","Contact","Sent"
"00v1U000000oCTGQA2","Brayan Arroyo","Contact","Sent"
"00v1U000000oCTHQA2","Aydan Bates","Contact","Sent"
"00v1U000000oCTIQA2","Matthias Mathis","Contact","Sent"
"00v1U000000oCTJQA2","Mayra Armstrong","Contact","Sent"
"00v1U000000oCTKQA2","Amirah Bolton","Contact","Sent"
"00v1U000000oCTLQA2","Gwendolyn Baker","Contact","Sent"
"00v1U000000oCTMQA2","Keely Lutz","Contact","Sent"
"00v1U000000oCTNQA2","Kenyon Hays","Contact","Sent"
"00v1U000000oCTOQA2","Jaylon Stevenson","Contact","Sent"
"00v1U000000oCTPQA2","Aryanna Hobbs","Contact","Sent"
"00v1U000000oCTQQA2","Kira Black","Contact","Sent"
"00v1U000000oCTRQA2","Mary Frey","Contact","Sent"
"00v1U000000oCTSQA2","Ryder Mills","Contact","Sent"
"00v1U000000oCTTQA2","Moses Schneider","Contact","Sent"
"00v1U000000oCTUQA2","Victor Murray","Contact","Sent"
"00v1U000000oCTVQA2","Reagan Bond","Contact","Sent"
"00v1U000000oCTWQA2","Shaun Duran","Contact","Sent"
"00v1U000000oCTXQA2","Giovanny Avila","Contact","Sent"
"00v1U000000oCTYQA2","Raida Potts","Contact","Sent"
"00v1U000000oCTZQA2","Alessandro Parrish","Contact","Sent"
"00v1U000000oCTaQAM","Samara Campos","Contact","Sent"
"00v1U000000oCTbQAM","Emma Jacobson","Contact","Sent"
"00v1U000000oCTcQAM","Vance Compton","Contact","Sent"
"00v1U000000oCTdQAM","Nora Sandoval","Contact","Sent"
"00v1U000000oCTeQAM","Gillian Reynolds","Contact","Sent"
"00v1U000000oCTfQAM","Rachel Adams (Sample)","Contact","Sent"
"00v1U000000oCTgQAM","Neil Symonds (Sample)","Contact","Sent"
"00v1U000000oCThQAM","Nigel Adams (Sample)","Contact","Sent"
"00v1U000000oCTiQAM","Martin Young","Contact","Sent"
"00v1U000000oCTjQAM","Justin Smith","Contact","Sent"
"00v1U000000oCTkQAM","Jinni Boyd","Contact","Sent"
"00v1U000000oCTlQAM","Willie Hester","Contact","Sent"
"00v1U000000oCTmQAM","Reuben Holder","Contact","Sent"
"00v1U000000oCTnQAM","Deshawn Baldwin","Contact","Sent"
"00v1U000000oCToQAM","Isaac Molina","Contact","Sent"
"00v1U000000oCTpQAM","Karter Garner","Contact","Sent"
"00v1U000000oCTqQAM","Tyrell Smith","Contact","Sent"
"00v1U000000oCTrQAM","Guillermo Mccoy","Contact","Sent"
"00v1U000000oCTsQAM","Billy Holder","Contact","Sent"
"00v1U000000oCTtQAM","Keenan Petty","Contact","Sent"
"00v1U000000oCTuQAM","Zane Arroyo","Contact","Sent"
"00v1U000000oCTvQAM","Nathan Henry","Contact","Sent"
"00v1U000000oCTwQAM","Austin Harvey","Contact","Sent"
"00v1U000000oCTxQAM","Kasen Mclean","Contact","Sent"
"00v1U000000oCTyQAM","Nigel Gibbs","Contact","Sent"
"00v1U000000oCTzQAM","Quinton Harrell","Contact","Sent"
"00v1U000000oCU0QAM","Stephen Harrell","Contact","Sent"
"00v1U000000oCU1QAM","Sidney Abbott","Contact","Sent"
"00v1U000000oCU2QAM","Alejandro Bates","Contact","Sent"
"00v1U000000oCU3QAM","Kameron Porter","Contact","Sent"
"00v1U000000oCU4QAM","Emilio Murillo","Contact","Sent"
"00v1U000000oCU5QAM","Andreas Roy","Contact","Sent"
"00v1U000000oCU6QAM","Agustin Hodges","Contact","Sent"
"00v1U000000oCU7QAM","Deangelo Elliott","Contact","Sent"
"00v1U000000oCU8QAM","Davon David","Contact","Sent"
"00v1U000000oCU9QAM","Cason Bullock","Contact","Sent"
"00v1U000000oCUAQA2","Gerald Woodward","Contact","Sent"
"00v1U000000oCUBQA2","Mathew Ibarra","Contact","Sent"
"00v1U000000oCUCQA2","Remington Cowan","Contact","Sent"
"00v1U000000oCUDQA2","Chad Johnson","Contact","Sent"
"00v1U000000oCUEQA2","Skylar Rodriguez","Contact","Sent"
"00v1U000000oCUFQA2","Arthur Mcclure","Contact","Sent"
"00v1U000000oCUGQA2","Kody Charles","Contact","Sent"
"00v1U000000oCUHQA2","Noel Bradshaw","Contact","Sent"
"00v1U000000oCUIQA2","Julius Oneill","Contact","Sent"
"00v1U000000oCUJQA2","Fisher Arias","Contact","Sent"
"00v1U000000oCUKQA2","Conner Lynch","Contact","Sent"
"00v1U000000oCULQA2","Arym Diamond","Contact","Sent"
"00v1U000000oCUMQA2","Sergio Hoffman","Contact","Sent"
"00v1U000000oCUNQA2","Marvin Stephenson","Contact","Sent"
"00v1U000000oCUOQA2","Davion Townsend","Contact","Sent"
"00v1U000000oCUPQA2","Jovany Taylor","Contact","Sent"
"00v1U000000oCUQQA2","Tristen Harding","Contact","Sent"
"00v1U000000oCURQA2","Joshua Mcknight","Contact","Sent"
"00v1U000000oCUSQA2","Ernest Peck","Contact","Sent"
"00v1U000000oCUTQA2","Howard Sandoval","Contact","Sent"
"00v1U000000oCUUQA2","Jadon Garcia","Contact","Sent"
"00v1U000000oCUVQA2","Terrell Valencia","Contact","Sent"
"00v1U000000oCUWQA2","Aedan Miranda","Contact","Sent"
"00v1U000000oCUXQA2","Alisson Lynn","Contact","Sent"
"00v1U000000oCUYQA2","Breanna Mclean","Contact","Sent"
"00v1U000000oCUZQA2","Caitlyn Ruiz","Contact","Sent"
"00v1U000000oCUaQAM","Jovan Allen","Contact","Sent"
"00v1U000000oCUbQAM","Keyon Bullock","Contact","Sent"
"00v1U000000oCUcQAM","Peter Salas","Contact","Sent"
"00v1U000000oCUdQAM","Gokul Rao","Contact","Sent"
"00v1U000000oCUeQAM","Sandra Bush","Contact","Sent"
"00v1U000000oCUfQAM","Hector Hernandez","Contact","Sent"
"00v1U000000oCUgQAM","Addyson Knight","Contact","Sent"
"00v1U000000oCUhQAM","Camilla Cross","Contact","Sent"
"00v1U000000oCUiQAM","Bruno Ibarra","Contact","Sent"
"00v1U000000oCUjQAM","Jaylin Gill","Contact","Sent"
"00v1U000000oCUkQAM","Kyle Rhodes","Contact","Sent"
"00v1U000000oCUlQAM","Rebecca Berger","Contact","Sent"
"00v1U000000oCUmQAM","Marc Hays","Contact","Sent"
"00v1U000000oCUnQAM","Elizabeth Sanford","Contact","Sent"
"00v1U000000oCUoQAM","Jalen Savage","Contact","Sent"
"00v1U000000oCUpQAM","Jaydin Herrera","Contact","Sent"
"00v1U000000oCUqQAM","Deven Murray","Contact","Sent"
"00v1U000000oCUrQAM","Brayan Arroyo","Contact","Sent"
"00v1U000000oCUsQAM","Aydan Bates","Contact","Sent"
"00v1U000000oCUtQAM","Matthias Mathis","Contact","Sent"
"00v1U000000oCUuQAM","Mayra Armstrong","Contact","Sent"
"00v1U000000oCUvQAM","Amirah Bolton","Contact","Sent"
"00v1U000000oCUwQAM","Gwendolyn Baker","Contact","Sent"
"00v1U000000oCUxQAM","Keely Lutz","Contact","Sent"
"00v1U000000oCUyQAM","Kenyon Hays","Contact","Sent"
"00v1U000000oCUzQAM","Jaylon Stevenson","Contact","Sent"
"00v1U000000oCV0QAM","Aryanna Hobbs","Contact","Sent"
"00v1U000000oCV1QAM","Kira Black","Contact","Sent"
"00v1U000000oCV2QAM","Mary Frey","Contact","Sent"
"00v1U000000oCV3QAM","Ryder Mills","Contact","Sent"
"00v1U000000oCV4QAM","Moses Schneider","Contact","Sent"
"00v1U000000oCV5QAM","Victor Murray","Contact","Sent"
"00v1U000000oCV6QAM","Reagan Bond","Contact","Sent"
"00v1U000000oCV7QAM","Shaun Duran","Contact","Sent"
"00v1U000000oCV8QAM","Giovanny Avila","Contact","Sent"
"00v1U000000oCV9QAM","Raida Potts","Contact","Sent"
"00v1U000000oCVAQA2","Alessandro Parrish","Contact","Sent"
"00v1U000000oCVBQA2","Samara Campos","Contact","Sent"
"00v1U000000oCVCQA2","Emma Jacobson","Contact","Sent"
"00v1U000000oCVDQA2","Vance Compton","Contact","Sent"
"00v1U000000oCVEQA2","Nora Sandoval","Contact","Sent"
"00v1U000000oCVFQA2","Gillian Reynolds","Contact","Sent"
"00v1U000000oCYQQA2","Vance Compton","Contact","Sent"
"00v1U000000oCYRQA2","Nora Sandoval","Contact","Sent"
"00v1U000000oCYSQA2","Gillian Reynolds","Contact","Sent"
"00v1U000000o1TPQAY","Quinton Harrell","Contact","Sent"
"00v1U000000o1TQQAY","Stephen Harrell","Contact","Sent"
"00v1U000000o1TRQAY","Sidney Abbott","Contact","Sent"
"00v1U000000o1TSQAY","Alejandro Bates","Contact","Sent"
"00v1U000000o1TTQAY","Kameron Porter","Contact","Sent"
"00v1U000000o1TUQAY","Emilio Murillo","Contact","Sent"
"00v1U000000o1TVQAY","Andreas Roy","Contact","Sent"
"00v1U000000o1TWQAY","Agustin Hodges","Contact","Sent"
"00v1U000000o1TXQAY","Deangelo Elliott","Contact","Sent"
"00v1U000000o1TYQAY","Davon David","Contact","Sent"
"00v1U000000o1TZQAY","Cason Bullock","Contact","Sent"
"00v1U000000o1TaQAI","Gerald Woodward","Contact","Sent"
"00v1U000000o1TbQAI","Mathew Ibarra","Contact","Sent"
"00v1U000000o1TcQAI","Remington Cowan","Contact","Sent"
"00v1U000000o1TdQAI","Chad Johnson","Contact","Sent"
"00v1U000000o1TeQAI","Skylar Rodriguez","Contact","Sent"
"00v1U000000o1TfQAI","Arthur Mcclure","Contact","Sent"
"00v1U000000o1TgQAI","Kody Charles","Contact","Sent"
"00v1U000000o1ThQAI","Noel Bradshaw","Contact","Sent"
"00v1U000000o1TiQAI","Julius Oneill","Contact","Sent"
"00v1U000000o1TjQAI","Fisher Arias","Contact","Sent"
"00v1U000000o1TkQAI","Conner Lynch","Contact","Sent"
"00v1U000000o1TlQAI","Arym Diamond","Contact","Sent"
"00v1U000000o1TmQAI","Sergio Hoffman","Contact","Sent"
"00v1U000000o1TnQAI","Marvin Stephenson","Contact","Sent"
"00v1U000000o1ToQAI","Davion Townsend","Contact","Sent"
"00v1U000000o1TpQAI","Jovany Taylor","Contact","Sent"
"00v1U000000o1TqQAI","Tristen Harding","Contact","Sent"
"00v1U000000o1TrQAI","Joshua Mcknight","Contact","Sent"
"00v1U000000o1TsQAI","Ernest Peck","Contact","Sent"
"00v1U000000o1TtQAI","Howard Sandoval","Contact","Sent"
"00v1U000000o1TuQAI","Jadon Garcia","Contact","Sent"
"00v1U000000o1TvQAI","Terrell Valencia","Contact","Sent"
"00v1U000000o1TwQAI","Aedan Miranda","Contact","Sent"
"00v1U000000o1TxQAI","Alisson Lynn","Contact","Sent"
"00v1U000000o1TyQAI","Breanna Mclean","Contact","Sent"
"00v1U000000o1TzQAI","Caitlyn Ruiz","Contact","Sent"
"00v1U000000o1U0QAI","Jovan Allen","Contact","Sent"
"00v1U000000o1U1QAI","Keyon Bullock","Contact","Sent"
"00v1U000000o1U2QAI","Peter Salas","Contact","Sent"
"00v1U000000o1U3QAI","Gokul Rao","Contact","Sent"
"00v1U000000o1U4QAI","Sandra Bush","Contact","Sent"
"00v1U000000o1U5QAI","Hector Hernandez","Contact","Sent"
"00v1U000000o1U6QAI","Addyson Knight","Contact","Sent"
"00v1U000000o1U7QAI","Camilla Cross","Contact","Sent"
"00v1U000000o1U8QAI","Bruno Ibarra","Contact","Sent"
"00v1U000000o1U9QAI","Jaylin Gill","Contact","Sent"
"00v1U000000o1UAQAY","Kyle Rhodes","Contact","Sent"
"00v1U000000o1UBQAY","Rebecca Berger","Contact","Sent"
"00v1U000000o1UCQAY","Marc Hays","Contact","Sent"
"00v1U000000o1UDQAY","Elizabeth Sanford","Contact","Sent"
"00v1U000000o1UEQAY","Jalen Savage","Contact","Sent"
"00v1U000000o1UFQAY","Jaydin Herrera","Contact","Sent"
"00v1U000000o1UGQAY","Deven Murray","Contact","Sent"
"00v1U000000o1UHQAY","Brayan Arroyo","Contact","Sent"
"00v1U000000o1UIQAY","Aydan Bates","Contact","Sent"
"00v1U000000o1UJQAY","Matthias Mathis","Contact","Sent"
"00v1U000000o1UKQAY","Mayra Armstrong","Contact","Sent"
"00v1U000000o1ULQAY","Amirah Bolton","Contact","Sent"
"00v1U000000o1UMQAY","Gwendolyn Baker","Contact","Sent"
"00v1U000000o1UNQAY","Keely Lutz","Contact","Sent"
"00v1U000000o1UOQAY","Kenyon Hays","Contact","Sent"
"00v1U000000o1UPQAY","Jaylon Stevenson","Contact","Sent"
"00v1U000000o1UQQAY","Aryanna Hobbs","Contact","Sent"
"00v1U000000o1URQAY","Kira Black","Contact","Sent"
"00v1U000000o1USQAY","Mary Frey","Contact","Sent"
"00v1U000000o1UTQAY","Ryder Mills","Contact","Sent"
"00v1U000000o1UUQAY","Moses Schneider","Contact","Sent"
"00v1U000000o1UVQAY","Victor Murray","Contact","Sent"
"00v1U000000o1UWQAY","Reagan Bond","Contact","Sent"
"00v1U000000o1UXQAY","Shaun Duran","Contact","Sent"
"00v1U000000o1UYQAY","Giovanny Avila","Contact","Sent"
"00v1U000000o1UZQAY","Raida Potts","Contact","Sent"
"00v1U000000o1UaQAI","Alessandro Parrish","Contact","Sent"
"00v1U000000o1UbQAI","Samara Campos","Contact","Sent"
"00v1U000000o1UcQAI","Emma Jacobson","Contact","Sent"
"00v1U000000o1UdQAI","Vance Compton","Contact","Sent"
"00v1U000000o1UeQAI","Nora Sandoval","Contact","Sent"
"00v1U000000o1UfQAI","Gillian Reynolds","Contact","Sent"
"00v1U000003wz9XQAQ","Adams CharitableTrust","Contact","Sent"
"00v1U000003wz9YQAQ","Neil Symonds","Contact","Sent"
"00v1U000003wz9ZQAQ","Nigel Adams","Contact","Sent"
"00v1U000003wz9aQAA","Smith, Kohl","Contact","Sent"
"00v1U000003wz9bQAA","Kristen Beasley","Contact","Sent"
"00v1U000003wz9cQAA","Fredericka Mccullough","Contact","Sent"
"00v1U000003wz9dQAA","Hedley Church","Contact","Sent"
"00v1U000003wz9eQAA","Akeem Head","Contact","Sent"
"00v1U000003wz9fQAA","Quinn Cummings","Contact","Sent"
"00v1U000003wz9gQAA","Erich Grimes","Contact","Sent"
"00v1U000003wz9hQAA","Aquila Mejia","Contact","Sent"
"00v1U000003wz9iQAA","Grant Cline","Contact","Sent"
"00v1U000003wz9jQAA","Pamela Ayala","Contact","Sent"
"00v1U000003wz9kQAA","Lucius Fry","Contact","Sent"
"00v1U000003wz9lQAA","Penelope Solis","Contact","Sent"
"00v1U000003wz9mQAA","Xanthus Wilkins","Contact","Sent"
"00v1U000003wz9nQAA","Dorian Newton","Contact","Sent"
"00v1U000003wz9oQAA","Idola Le","Contact","Sent"
"00v1U000003wz9pQAA","Wade Greer","Contact","Sent"
"00v1U000003wz9qQAA","Blaze Pennington","Contact","Sent"
"00v1U000003wz9rQAA","Marvin Garcia","Contact","Sent"
"00v1U000003wz9sQAA","Genevieve Bauer","Contact","Sent"
"00v1U000003wz9tQAA","Lael Rutledge","Contact","Sent"
"00v1U000003wz9uQAA","Tatum Holt","Contact","Sent"
"00v1U000003wz9vQAA","Seth Frost","Contact","Sent"
"00v1U000003wz9wQAA","Orla Weeks","Contact","Sent"
"00v1U000003wz9xQAA","Amos May","Contact","Sent"
"00v1U000003wz9yQAA","Lynn Davidson","Contact","Sent"
"00v1U000003wz9zQAA","Caleb Mccray","Contact","Sent"
"00v1U000003wzA0QAI","Raphael Snider","Contact","Sent"
"00v1U000003wzA1QAI","Slade Lindsay","Contact","Sent"
"00v1U000003wzA2QAI","Roth Guy","Contact","Sent"
"00v1U000003wzA3QAI","Nicole Savage","Contact","Sent"
"00v1U000003wzA4QAI","Stephen Pittman","Contact","Sent"
"00v1U000003wzA5QAI","Brian Williamson","Contact","Sent"
"00v1U000003wzA6QAI","Clementine Hughes","Contact","Sent"
"00v1U000003wzA7QAI","Penelope Briggs","Contact","Sent"
"00v1U000003wzA8QAI","Raja Oneal","Contact","Sent"
"00v1U000003wzA9QAI","Edan Downs","Contact","Sent"
"00v1U000003wzAAQAY","Quon Holcomb","Contact","Sent"
"00v1U000003wzABQAY","Selma Dodson","Contact","Sent"
"00v1U000003wzACQAY","Abraham Tyler","Contact","Sent"
"00v1U000003wzADQAY","Maryam Ramsey","Contact","Sent"
"00v1U000003wzAEQAY","Kirestin Wilkins","Contact","Sent"
"00v1U000003wzAFQAY","Gavin Blevins","Contact","Sent"
"00v1U000003wzAGQAY","Ruby Gay","Contact","Sent"
"00v1U000003wzAHQAY","Armand Knowles","Contact","Sent"
"00v1U000003wzAIQAY","Noah Rosa","Contact","Sent"
"00v1U000003wzAJQAY","Lacey Snider","Contact","Sent"
"00v1U000003wzAKQAY","Sacha Mooney","Contact","Sent"
"00v1U000003wzALQAY","Brady Frazier","Contact","Sent"
"00v1U000003wzAMQAY","Fitzgerald Coffey","Contact","Sent"
"00v1U000003wzANQAY","Hayes Huff","Contact","Sent"
"00v1U000003wzAOQAY","Ferdinand Jennings","Contact","Sent"
"00v1U000003wzAPQAY","Ishmael Shaw","Contact","Sent"
"00v1U000003wzAQQAY","Constance Gill","Contact","Sent"
"00v1U000003wzARQAY","Thor David","Contact","Sent"
"00v1U000003wzASQAY","Edward Wood","Contact","Sent"
"00v1U000003wzATQAY","Oscar Duncan","Contact","Sent"
"00v1U000003wzAUQAY","Mohammad Diaz","Contact","Sent"
"00v1U000003wzAVQAY","Samson Gordon","Contact","Sent"
"00v1U000003wzAWQAY","Charissa Fulton","Contact","Sent"
"00v1U000003wzAXQAY","Amity Schroeder","Contact","Sent"
"00v1U000003x0NtQAI","Kristen Beasley","Contact","Sent"
"00v1U000003x0NuQAI","Hedley Church","Contact","Sent"
"00v1U000003x0NvQAI","Akeem Head","Contact","Sent"
"00v1U000003x0NwQAI","Quinn Cummings","Contact","Sent"
"00v1U000003x0NxQAI","Erich Grimes","Contact","Sent"
"00v1U000003x0NyQAI","Penelope Solis","Contact","Sent"
"00v1U000003x0NzQAI","Xanthus Wilkins","Contact","Sent"
"00v1U000003x0O0QAI","Dorian Newton","Contact","Sent"
"00v1U000003x0O1QAI","Genevieve Bauer","Contact","Sent"
"00v1U000003x0O2QAI","Seth Frost","Contact","Sent"
"00v1U000003x0O3QAI","Raphael Snider","Contact","Sent"
"00v1U000003x0O4QAI","Roth Guy","Contact","Sent"
"00v1U000003x0O5QAI","Stephen Pittman","Contact","Sent"
"00v1U000003x0O6QAI","Clementine Hughes","Contact","Sent"
"00v1U000003x0O7QAI","Penelope Briggs","Contact","Sent"
"00v1U000003x0O8QAI","Raja Oneal","Contact","Sent"
"00v1U000003x0O9QAI","Ruby Gay","Contact","Sent"
"00v1U000003x0OAQAY","Fitzgerald Coffey","Contact","Sent"
"00v1U000003x0OBQAY","Constance Gill","Contact","Sent"
"00v1U000003x0OCQAY","Charissa Fulton","Contact","Sent"
"00v1U000000oHvuQAE","Akeem Head","Contact","Sent"
"00v1U000000oHvvQAE","Quinn Cummings","Contact","Sent"
"00v1U000000oHvwQAE","Wade Greer","Contact","Sent"
"00v1U000000oHvxQAE","Cooper Flowers","Contact","Sent"
"00v1U000000oHvyQAE","Quon Holcomb","Contact","Sent"
"00v1U000000oHvzQAE","Fitzgerald Coffey","Contact","Sent"
"00v1U000005KdJ4QAK","Rachel Adams (Sample)","Contact","Sent"
"00v1U000005KdJ5QAK","Neil Symonds (Sample)","Contact","Sent"
"00v1U000005KdJ6QAK","Nigel Adams (Sample)","Contact","Sent"
"00v1U000005KdJ7QAK","Martin Young","Contact","Sent"
"00v1U000005KdJ8QAK","Justin Smith","Contact","Sent"
"00v1U000005KdJ9QAK","Jinni Boyd","Contact","Sent"
"00v1U000005KdJAQA0","Willie Hester","Contact","Sent"
"00v1U000005KdJBQA0","Reuben Holder","Contact","Sent"
"00v1U000005KdJCQA0","Deshawn Baldwin","Contact","Sent"
"00v1U000005KdJDQA0","Isaac Molina","Contact","Sent"
"00v1U000005KdJEQA0","Karter Garner","Contact","Sent"
"00v1U000005KdJFQA0","Tyrell Smith","Contact","Sent"
"00v1U000005KdJGQA0","Guillermo Mccoy","Contact","Sent"
"00v1U000005KdJHQA0","Billy Holder","Contact","Sent"
"00v1U000005KdJIQA0","Keenan Petty","Contact","Sent"
"00v1U000005KdJJQA0","Zane Arroyo","Contact","Sent"
"00v1U000005KdJKQA0","Nathan Henry","Contact","Sent"
"00v1U000005KdJLQA0","Austin Harvey","Contact","Sent"
"00v1U000005KdJMQA0","Kasen Mclean","Contact","Sent"
"00v1U000005KdJNQA0","Nigel Gibbs","Contact","Sent"
"00v1U000005KdJOQA0","Quinton Harrell","Contact","Sent"
"00v1U000005KdJPQA0","Stephen Harrell","Contact","Sent"
"00v1U000005KdJQQA0","Sidney Abbott","Contact","Sent"
"00v1U000005KdJRQA0","Alejandro Bates","Contact","Sent"
"00v1U000005KdJSQA0","Kameron Porter","Contact","Sent"
"00v1U000005KdJTQA0","Emilio Murillo","Contact","Sent"
"00v1U000005KdJUQA0","Andreas Roy","Contact","Sent"
"00v1U000005KdJVQA0","Agustin Hodges","Contact","Sent"
"00v1U000005KdJWQA0","Deangelo Elliott","Contact","Sent"
"00v1U000005KdJXQA0","Davon David","Contact","Sent"
"00v1U000005KdJYQA0","Cason Bullock","Contact","Sent"
"00v1U000005KdJZQA0","Gerald Woodward","Contact","Sent"
"00v1U000005KdJaQAK","Mathew Ibarra","Contact","Sent"
"00v1U000005KdJbQAK","Remington Cowan","Contact","Sent"
"00v1U000005KdJcQAK","Chad Johnson","Contact","Sent"
"00v1U000005KdJdQAK","Skylar Rodriguez","Contact","Sent"
"00v1U000005KdJeQAK","Arthur Mcclure","Contact","Sent"
"00v1U000005KdJfQAK","Kody Charles","Contact","Sent"
"00v1U000005KdJgQAK","Noel Bradshaw","Contact","Sent"
"00v1U000005KdJhQAK","Julius Oneill","Contact","Sent"
"00v1U000005KdJiQAK","Fisher Arias","Contact","Sent"
"00v1U000005KdJjQAK","Conner Lynch","Contact","Sent"
"00v1U000005KdJkQAK","Arym Diamond","Contact","Sent"
"00v1U000005KdJlQAK","Sergio Hoffman","Contact","Sent"
"00v1U000005KdJmQAK","Marvin Stephenson","Contact","Sent"
"00v1U000005KdJnQAK","Davion Townsend","Contact","Sent"
"00v1U000005KdJoQAK","Jovany Taylor","Contact","Sent"
"00v1U000005KdJpQAK","Tristen Harding","Contact","Sent"
"00v1U000005KdJqQAK","Joshua Mcknight","Contact","Sent"
"00v1U000005KdJrQAK","Ernest Peck","Contact","Sent"
"00v1U000005KdJsQAK","Howard Sandoval","Contact","Sent"
"00v1U000005KdJtQAK","Jadon Garcia","Contact","Sent"
"00v1U000005KdJuQAK","Terrell Valencia","Contact","Sent"
"00v1U000005KdJvQAK","Aedan Miranda","Contact","Sent"
"00v1U000005KdJwQAK","Alisson Lynn","Contact","Sent"
"00v1U000005KdJxQAK","Breanna Mclean","Contact","Sent"
"00v1U000005KdJyQAK","Caitlyn Ruiz","Contact","Sent"
"00v1U000005KdJzQAK","Jovan Allen","Contact","Sent"
"00v1U000005KdK0QAK","Keyon Bullock","Contact","Sent"
"00v1U000005KdK1QAK","Peter Salas","Contact","Sent"
"00v1U000005KdK2QAK","Gokul Rao","Contact","Sent"
"00v1U000005KdK3QAK","Sandra Bush","Contact","Sent"
"00v1U000005KdK4QAK","Hector Hernandez","Contact","Sent"
"00v1U000005KdK5QAK","Addyson Knight","Contact","Sent"
"00v1U000005KdK6QAK","Camilla Cross","Contact","Sent"
"00v1U000005KdK7QAK","Bruno Ibarra","Contact","Sent"
"00v1U000005KdK8QAK","Jaylin Gill","Contact","Sent"
"00v1U000005KdK9QAK","Kyle Rhodes","Contact","Sent"
"00v1U000005KdKAQA0","Rebecca Berger","Contact","Sent"
"00v1U000005KdKBQA0","Marc Hays","Contact","Sent"
"00v1U000005KdKCQA0","Elizabeth Sanford","Contact","Sent"
"00v1U000005KdKDQA0","Jalen Savage","Contact","Sent"
"00v1U000005KdKEQA0","Jaydin Herrera","Contact","Sent"
"00v1U000005KdKFQA0","Deven Murray","Contact","Sent"
"00v1U000005KdKGQA0","Brayan Arroyo","Contact","Sent"
"00v1U000005KdKHQA0","Aydan Bates","Contact","Sent"
"00v1U000005KdKIQA0","Matthias Mathis","Contact","Sent"
"00v1U000005KdKJQA0","Mayra Armstrong","Contact","Sent"
"00v1U000005KdKKQA0","Amirah Bolton","Contact","Sent"
"00v1U000005KdKLQA0","Gwendolyn Baker","Contact","Sent"
"00v1U000005KdKMQA0","Keely Lutz","Contact","Sent"
"00v1U000005KdKNQA0","Kenyon Hays","Contact","Sent"
"00v1U000005KdKOQA0","Jaylon Stevenson","Contact","Sent"
"00v1U000005KdKPQA0","Aryanna Hobbs","Contact","Sent"
"00v1U000005KdKQQA0","Kira Black","Contact","Sent"
"00v1U000005KdKRQA0","Mary Frey","Contact","Sent"
"00v1U000005KdKSQA0","Ryder Mills","Contact","Sent"
"00v1U000005KdKTQA0","Moses Schneider","Contact","Sent"
"00v1U000005KdKUQA0","Victor Murray","Contact","Sent"
"00v1U000005KdKVQA0","Reagan Bond","Contact","Sent"
"00v1U000005KdKWQA0","Shaun Duran","Contact","Sent"
"00v1U000005KdKXQA0","Giovanny Avila","Contact","Sent"
"00v1U000005KdKYQA0","Raida Potts","Contact","Sent"
"00v1U000005KdKZQA0","Alessandro Parrish","Contact","Sent"
"00v1U000005KdKaQAK","Samara Campos","Contact","Sent"
"00v1U000005KdKbQAK","Emma Jacobson","Contact","Sent"
"00v1U000005KdKcQAK","Vance Compton","Contact","Sent"
"00v1U000005KdKdQAK","Nora Sandoval","Contact","Sent"
"00v1U000005KdKeQAK","Gillian Reynolds","Contact","Sent"
"00v1U000005KdKmQAK","Nigel Adams (Sample)","Contact","Sent"
"00v1U000005KdKnQAK","Martin Young","Contact","Sent"
"00v1U000005KdKoQAK","Justin Smith","Contact","Sent"
"00v1U000005KdKpQAK","Jinni Boyd","Contact","Sent"
"00v1U000005KdKqQAK","Willie Hester","Contact","Sent"
"00v1U000005KdKrQAK","Reuben Holder","Contact","Sent"
"00v1U000005KdKsQAK","Deshawn Baldwin","Contact","Sent"
"00v1U000005KdKtQAK","Isaac Molina","Contact","Sent"
"00v1U000005KdKuQAK","Karter Garner","Contact","Sent"
"00v1U000005KdKvQAK","Tyrell Smith","Contact","Sent"
"00v1U000005KdKwQAK","Guillermo Mccoy","Contact","Sent"
"00v1U000005KdKxQAK","Billy Holder","Contact","Sent"
"00v1U000005KdKyQAK","Keenan Petty","Contact","Sent"
"00v1U000005KdKzQAK","Zane Arroyo","Contact","Sent"
"00v1U000005KdL0QAK","Nathan Henry","Contact","Sent"
"00v1U000005KdL1QAK","Austin Harvey","Contact","Sent"
"00v1U000005KdL2QAK","Kasen Mclean","Contact","Sent"
"00v1U000005KdL3QAK","Nigel Gibbs","Contact","Sent"
"00v1U000005KdL4QAK","Quinton Harrell","Contact","Sent"
"00v1U000005KdL5QAK","Stephen Harrell","Contact","Sent"
"00v1U000005KdL6QAK","Sidney Abbott","Contact","Sent"
"00v1U000005KdL7QAK","Alejandro Bates","Contact","Sent"
"00v1U000005KdL8QAK","Kameron Porter","Contact","Sent"
"00v1U000005KdL9QAK","Emilio Murillo","Contact","Sent"
"00v1U000005KdLAQA0","Andreas Roy","Contact","Sent"
"00v1U000005KdLBQA0","Agustin Hodges","Contact","Sent"
"00v1U000005KdLCQA0","Deangelo Elliott","Contact","Sent"
"00v1U000005KdLDQA0","Davon David","Contact","Sent"
"00v1U000005KdLEQA0","Cason Bullock","Contact","Sent"
"00v1U000005KdLFQA0","Gerald Woodward","Contact","Sent"
"00v1U000005KdLGQA0","Mathew Ibarra","Contact","Sent"
"00v1U000005KdLHQA0","Remington Cowan","Contact","Sent"
"00v1U000005KdLIQA0","Chad Johnson","Contact","Sent"
"00v1U000005KdLJQA0","Skylar Rodriguez","Contact","Sent"
"00v1U000005KdLKQA0","Arthur Mcclure","Contact","Sent"
"00v1U000005KdLLQA0","Kody Charles","Contact","Sent"
"00v1U000005KdLMQA0","Noel Bradshaw","Contact","Sent"
"00v1U000005KdLNQA0","Julius Oneill","Contact","Sent"
"00v1U000005KdLOQA0","Fisher Arias","Contact","Sent"
"00v1U000005KdLPQA0","Conner Lynch","Contact","Sent"
"00v1U000005KdLQQA0","Arym Diamond","Contact","Sent"
"00v1U000005KdLRQA0","Sergio Hoffman","Contact","Sent"
"00v1U000005KdLSQA0","Marvin Stephenson","Contact","Sent"
"00v1U000005KdLTQA0","Davion Townsend","Contact","Sent"
"00v1U000005KdLUQA0","Jovany Taylor","Contact","Sent"
"00v1U000005KdLVQA0","Tristen Harding","Contact","Sent"
"00v1U000005KdLWQA0","Joshua Mcknight","Contact","Sent"
"00v1U000005KdLXQA0","Ernest Peck","Contact","Sent"
"00v1U000005KdLYQA0","Howard Sandoval","Contact","Sent"
"00v1U000005KdLZQA0","Jadon Garcia","Contact","Sent"
"00v1U000005KdLaQAK","Terrell Valencia","Contact","Sent"
"00v1U000005KdLbQAK","Aedan Miranda","Contact","Sent"
"00v1U000005KdLcQAK","Alisson Lynn","Contact","Sent"
"00v1U000005KdLdQAK","Breanna Mclean","Contact","Sent"
"00v1U000005KdLeQAK","Caitlyn Ruiz","Contact","Sent"
"00v1U000005KdLfQAK","Jovan Allen","Contact","Sent"
"00v1U000005KdLgQAK","Keyon Bullock","Contact","Sent"
"00v1U000005KdLhQAK","Peter Salas","Contact","Sent"
"00v1U000005KdLiQAK","Gokul Rao","Contact","Sent"
"00v1U000005KdLjQAK","Sandra Bush","Contact","Sent"
"00v1U000005KdLkQAK","Hector Hernandez","Contact","Sent"
"00v1U000005KdLlQAK","Addyson Knight","Contact","Sent"
"00v1U000005KdLmQAK","Camilla Cross","Contact","Sent"
"00v1U000005KdLnQAK","Bruno Ibarra","Contact","Sent"
"00v1U000005KdLoQAK","Jaylin Gill","Contact","Sent"
"00v1U000005KdLpQAK","Kyle Rhodes","Contact","Sent"
"00v1U000005KdLqQAK","Rebecca Berger","Contact","Sent"
"00v1U000005KdLrQAK","Marc Hays","Contact","Sent"
"00v1U000005KdLsQAK","Elizabeth Sanford","Contact","Sent"
"00v1U000005KdLtQAK","Jalen Savage","Contact","Sent"
"00v1U000005KdLuQAK","Jaydin Herrera","Contact","Sent"
"00v1U000005KdLvQAK","Deven Murray","Contact","Sent"
"00v1U000005KdLwQAK","Brayan Arroyo","Contact","Sent"
"00v1U000005KdLxQAK","Aydan Bates","Contact","Sent"
"00v1U000005KdLyQAK","Matthias Mathis","Contact","Sent"
"00v1U000005KdLzQAK","Mayra Armstrong","Contact","Sent"
"00v1U000005KdM0QAK","Amirah Bolton","Contact","Sent"
"00v1U000005KdM1QAK","Gwendolyn Baker","Contact","Sent"
"00v1U000005KdM2QAK","Keely Lutz","Contact","Sent"
"00v1U000005KdM3QAK","Kenyon Hays","Contact","Sent"
"00v1U000005KdM4QAK","Jaylon Stevenson","Contact","Sent"
"00v1U000005KdM5QAK","Aryanna Hobbs","Contact","Sent"
"00v1U000005KdM6QAK","Kira Black","Contact","Sent"
"00v1U000005KdM7QAK","Mary Frey","Contact","Sent"
"00v1U000005KdM8QAK","Ryder Mills","Contact","Sent"
"00v1U000005KdM9QAK","Moses Schneider","Contact","Sent"
"00v1U000005KdMAQA0","Victor Murray","Contact","Sent"
"00v1U000005KdMBQA0","Reagan Bond","Contact","Sent"
"00v1U000005KdMCQA0","Shaun Duran","Contact","Sent"
"00v1U000005KdMDQA0","Giovanny Avila","Contact","Sent"
"00v1U000005KdMEQA0","Raida Potts","Contact","Sent"
"00v1U000005KdMFQA0","Alessandro Parrish","Contact","Sent"
"00v1U000005KdMGQA0","Samara Campos","Contact","Sent"
"00v1U000005KdMHQA0","Emma Jacobson","Contact","Sent"
"00v1U000005KdMIQA0","Vance Compton","Contact","Sent"
"00v1U000005KdMJQA0","Nora Sandoval","Contact","Sent"
"00v1U000005KdMKQA0","Gillian Reynolds","Contact","Sent"
"00v1U000005KdKkQAK","Rachel Adams (Sample)","Contact","Sent"
"00v1U000005KdKlQAK","Neil Symonds (Sample)","Contact","Sent"
"00v1U000005JWoOQAW","Adams CharitableTrust","Contact","Sent"
"00v1U000005JWoPQAW","Neil Symonds","Contact","Sent"
"00v1U000005JWoQQAW","Nigel Adams","Contact","Sent"
"00v1U000005JWoRQAW","Jinni Boyd","Contact","Sent"
"00v1U000005JWoSQAW","Kristen Beasley","Contact","Sent"
"00v1U000005JWoTQAW","Fredericka Mccullough","Contact","Sent"
"00v1U000005JWoUQAW","Hedley Church","Contact","Sent"
"00v1U000005JWoVQAW","Akeem Head","Contact","Sent"
"00v1U000005JWoWQAW","Erich Grimes","Contact","Sent"
"00v1U000005JWoXQAW","Sloane Holland","Contact","Sent"
"00v1U000005JWoYQAW","Grant Cline","Contact","Sent"
"00v1U000005JWoZQAW","Lucius Fry","Contact","Sent"
"00v1U000005JWoaQAG","Penelope Solis","Contact","Sent"
"00v1U000005JWobQAG","Ramona Hamilton","Contact","Sent"
"00v1U000005JWocQAG","Idola Le","Contact","Sent"
"00v1U000005JWodQAG","Ferris King","Contact","Sent"
"00v1U000005JWoeQAG","TaShya Perez","Contact","Sent"
"00v1U000005JWofQAG","Ryder Velez","Contact","Sent"
"00v1U000005JWogQAG","Marvin Garcia","Contact","Sent"
"00v1U000005JWohQAG","Odysseus Grimes","Contact","Sent"
"00v1U000005JWoiQAG","Lael Rutledge","Contact","Sent"
"00v1U000005JWojQAG","Tatum Holt","Contact","Sent"
"00v1U000005JWokQAG","Seth Frost","Contact","Sent"
"00v1U000005JWolQAG","Orla Weeks","Contact","Sent"
"00v1U000005JWomQAG","Yoko Marshall","Contact","Sent"
"00v1U000005JWonQAG","Odysseus Ortiz","Contact","Sent"
"00v1U000005JWooQAG","Marny Ford","Contact","Sent"
"00v1U000005JWopQAG","Ava Bean","Contact","Sent"
"00v1U000005JWoqQAG","Asher House","Contact","Sent"
"00v1U000005JWorQAG","Evangeline Christian","Contact","Sent"
"00v1U000005JWosQAG","Caleb Mccray","Contact","Sent"
"00v1U000005JWotQAG","Bell Solis","Contact","Sent"
"00v1U000005JWouQAG","Slade Lindsay","Contact","Sent"
"00v1U000005JWovQAG","Roth Guy","Contact","Sent"
"00v1U000005JWowQAG","Nicole Savage","Contact","Sent"
"00v1U000005JWoxQAG","Stephen Pittman","Contact","Sent"
"00v1U000005JWoyQAG","Brian Williamson","Contact","Sent"
"00v1U000005JWozQAG","Clementine Hughes","Contact","Sent"
"00v1U000005JWp0QAG","Drake Branch","Contact","Sent"
"00v1U000005JWp1QAG","Penelope Briggs","Contact","Sent"
"00v1U000005JWp2QAG","Yuri Hensley","Contact","Sent"
"00v1U000005JWp3QAG","Selma Dodson","Contact","Sent"
"00v1U000005JWp4QAG","Abraham Tyler","Contact","Sent"
"00v1U000005JWp5QAG","Gay Pacheco","Contact","Sent"
"00v1U000005JWp6QAG","Nell Alford","Contact","Sent"
"00v1U000005JWp7QAG","Ashton Torres","Contact","Sent"
"00v1U000005JWp8QAG","Gavin Blevins","Contact","Sent"
"00v1U000005JWp9QAG","Fuller Cooley","Contact","Sent"
"00v1U000005JWpAQAW","Lacey Snider","Contact","Sent"
"00v1U000005JWpBQAW","Sacha Mooney","Contact","Sent"
"00v1U000005JWpCQAW","Keaton Lang","Contact","Sent"
"00v1U000005JWpDQAW","Brady Frazier","Contact","Sent"
"00v1U000005JWpEQAW","Ferdinand Jennings","Contact","Sent"
"00v1U000005JWpFQAW","Ishmael Shaw","Contact","Sent"
"00v1U000005JWpGQAW","Mohammad Diaz","Contact","Sent"
"00v1U000005JWpHQAW","Richard Cameron","Contact","Sent"
"00v1U000005JWpIQAW","Samson Gordon","Contact","Sent"
"00v1U000005JWpJQAW","Cade Clarke","Contact","Sent"
"00v1U000005JWpKQAW","Amity Schroeder","Contact","Sent"
"00v1U000005JWpLQAW","Nero Cortez","Contact","Sent"
"00v1U000005JWpMQAW","Lana Patel","Contact","Sent"
"00v1U000005JWpNQAW","Dalton Oliver","Contact","Sent"
"00v1U000005JWpOQAW","Wilma Stanley","Contact","Sent"
"00v1U000005JWpPQAW","Mercedes Wynn","Contact","Sent"
"00v1U000000o1T5QAI","Rachel Adams (Sample)","Contact","Sent"
"00v1U000000o1T6QAI","Neil Symonds (Sample)","Contact","Sent"
"00v1U000000o1T7QAI","Nigel Adams (Sample)","Contact","Sent"
"00v1U000000o1T8QAI","Martin Young","Contact","Sent"
"00v1U000000o1T9QAI","Justin Smith","Contact","Sent"
"00v1U000000o1TAQAY","Jinni Boyd","Contact","Sent"
"00v1U000000o1TBQAY","Willie Hester","Contact","Sent"
"00v1U000000o1TCQAY","Reuben Holder","Contact","Sent"
"00v1U000000o1TDQAY","Deshawn Baldwin","Contact","Sent"
"00v1U000000o1TEQAY","Isaac Molina","Contact","Sent"
"00v1U000000o1TFQAY","Karter Garner","Contact","Sent"
"00v1U000000o1TGQAY","Tyrell Smith","Contact","Sent"
"00v1U000000o1THQAY","Guillermo Mccoy","Contact","Sent"
"00v1U000000o1TIQAY","Billy Holder","Contact","Sent"
"00v1U000000o1TJQAY","Keenan Petty","Contact","Sent"
"00v1U000000o1TKQAY","Zane Arroyo","Contact","Sent"
"00v1U000000o1TLQAY","Nathan Henry","Contact","Sent"
"00v1U000000o1TMQAY","Austin Harvey","Contact","Sent"
"00v1U000000o1TNQAY","Kasen Mclean","Contact","Sent"
"00v1U000000o1TOQAY","Nigel Gibbs","Contact","Sent"
"00v1U000000nFkjQAE","John Steele (Sample)","Lead and Referral","Sent"
"00v1U000000nFkkQAE","Sarah Loehr (Sample)","Lead and Referral","Responded"
"00v1U000000nFklQAE","John Steele (Sample)","Lead and Referral","Sent"
"00v1U000000nFkmQAE","Sarah Loehr (Sample)","Lead and Referral","Sent"
"00v1U000000nFknQAE","John Steele (Sample)","Lead and Referral","Responded"
