FullName,FirstName,LastName,Gender
朝井 寧々,寧々,朝井,female
南部 竜馬,竜馬,南部,male
小林 元気,元気,小林,male
中村 静香,静香,中村,female
菊地 夏海人,夏海人,菊地,male
山本 月花,月花,山本,female
山口 青生,青生,山口,male
上村 深月,深月,上村,female
王 尊人,尊人,王,male
金塚 琴乃,琴乃,金塚,female
野島 葵日夏,葵日夏,野島,female
竹島 寧々,寧々,竹島,female
西田 縁,縁,西田,female
岡田 蔵之介,蔵之介,岡田,male
木村 唯,唯,木村,female
松田 秋紀,秋紀,松田,male
水野 花蓮,花蓮,水野,female
水野 天音,天音,水野,female
田中 心桜,心桜,田中,female
田中 麻衣,麻衣,田中,female
新村 凪沙,凪沙,新村,female
丸本 希心,希心,丸本,female
中村 青空,青空,中村,male
長尾 竜馬,竜馬,長尾,male
塩沢 春昴,春昴,塩沢,male
木村 弥衣子,弥衣子,木村,female
中村 海凪,海凪,中村,female
新井 月陽,月陽,新井,female
今村 栞,栞,今村,female
滝井 尊士,尊士,滝井,male
北川 涼太,涼太,北川,male
村上 光矢,光矢,村上,male
宮川 勘太,勘太,宮川,male
岡崎 撫子,撫子,岡崎,female
土居 海星,海星,土居,male
林 澄秋,澄秋,林,male
一宮 風夏,風夏,一宮,female
丸山 主冴,主冴,丸山,male
常松 莉津華,莉津華,常松,female
金山 陽太,陽太,金山,male
藤井 玲丞,玲丞,藤井,male
赤池 千風由,千風由,赤池,female
宮崎 春太,春太,宮崎,male
近藤 佳乃子,佳乃子,近藤,female
下田 華美,華美,下田,female
脇田 蘭華,蘭華,脇田,female
浜田 征史郎,征史郎,浜田,male
高橋 秋親,秋親,高橋,male
古市 総士,総士,古市,male
千葉 大雅,大雅,千葉,male
藤田 信史,信史,藤田,male
田中 涼翔,涼翔,田中,male
佐藤 芹加,芹加,佐藤,female
植田 雅己,雅己,植田,male
瓜生 冬仁,冬仁,瓜生,male
須長 豊人,豊人,須長,male
秋田 夏太,夏太,秋田,male
薗田 弥,弥,薗田,male
山崎 孝明,孝明,山崎,male
杉本 優斗,優斗,杉本,male
田村 海空,海空,田村,female
鈴木 有可里,有可里,鈴木,female
熊田 力,力,熊田,male
中川 翼,翼,中川,female
高屋 巴,巴,高屋,female
大浜 初志,初志,大浜,male
金野 和也,和也,金野,male
佐々木 尊人,尊人,佐々木,male
浜崎 要,要,浜崎,male
玉木 爽子,爽子,玉木,female
坂本 聡,聡,坂本,male
渡辺 隼,隼,渡辺,male
幸田 春俊,春俊,幸田,male
大日方 州稀,州稀,大日方,male
佐々木 豊夏,豊夏,佐々木,male
野田 竜介,竜介,野田,male
内田 温,温,内田,male
荒田 航海,航海,荒田,male
杉本 虎羽,虎羽,杉本,male
千葉 月花,月花,千葉,female
井上 笑,笑,井上,female
徳永 有澄,有澄,徳永,female
吉本 唯,唯,吉本,female
進藤 紗栄子,紗栄子,進藤,female
橋爪 千菜美,千菜美,橋爪,female
黒田 史緒里,史緒里,黒田,female
引地 一望,一望,引地,female
鶴川 玲丞,玲丞,鶴川,male
伊藤 菓,菓,伊藤,female
渡辺 昇,昇,渡辺,male
松橋 雪華,雪華,松橋,female
森下 那月,那月,森下,female
新島 茂,茂,新島,male
野原 卯月,卯月,野原,female
橋本 栞菜,栞菜,橋本,female
関口 幹二郎,幹二郎,関口,male
飯野 冬華,冬華,飯野,female
常田 輝,輝,常田,male
伊藤 弥子,弥子,伊藤,female
佐藤 はづき,はづき,佐藤,female
加藤 花乃,花乃,加藤,female
新田 白音,白音,新田,female
野崎 和,和,野崎,female
大澤 風夏,風夏,大澤,female
木全 千春,千春,木全,female
高橋 杏,杏,高橋,female
野原 凛輔,凛輔,野原,male
幸地 渡海男,渡海男,幸地,male
杉山 高昊,高昊,杉山,male
高畑 春花,春花,高畑,female
今川 光,光,今川,male
本田 青空,青空,本田,male
岡田 征史郎,征史郎,岡田,male
五味 航海,航海,五味,male
種田 陽介,陽介,種田,male
古谷 尊彦,尊彦,古谷,male
柴田 文,文,柴田,female
安河内 涼佳,涼佳,安河内,female
三浦 栞菜,栞菜,三浦,female
岸 健斗,健斗,岸,male
吉田 孝明,孝明,吉田,male
斎藤 夏海人,夏海人,斎藤,male
三富 涼季,涼季,三富,male
竹内 尊士,尊士,竹内,male
森 穂澄,穂澄,森,female
風間 百華,百華,風間,female
田中 和,和,田中,female
小木曽 賢,賢,小木曽,male
大塚 梨花,梨花,大塚,female
稲垣 織,織,稲垣,female
江口 蒼士,蒼士,江口,male
小林 都子,都子,小林,female
松田 珠季,珠季,松田,female
下村 涼翔,涼翔,下村,male
岡村 花陽,花陽,岡村,female
北本 巴子,巴子,北本,female
野坂 帆希,帆希,野坂,female
佐藤 莉子,莉子,佐藤,female
川口 玲丞,玲丞,川口,male
藤原 未由来,未由来,藤原,female
宇田 月花,月花,宇田,female
塚本 飛,飛,塚本,male
立花 颯,颯,立花,male
渡辺 澄秋,澄秋,渡辺,male
伊藤 杏子,杏子,伊藤,female
金子 光矢,光矢,金子,male
荒木 力,力,荒木,male
溝井 鞠,鞠,溝井,female
三浦 冬一郎,冬一郎,三浦,male
野沢 奏汰,奏汰,野沢,male
平田 有羽季,有羽季,平田,female
望月 幸士郎,幸士郎,望月,male
沢田 芳佳,芳佳,沢田,female
佐藤 翔,翔,佐藤,male
野坂 律連,律連,野坂,female
赤川 古都子,古都子,赤川,female
武智 隆春,隆春,武智,male
進藤 莉津華,莉津華,進藤,female
伊藤 雄大,雄大,伊藤,male
丸山 晴,晴,丸山,male
渡邊 葵咲,葵咲,渡邊,female
萩原 穣士,穣士,萩原,male
熊崎 穂高,穂高,熊崎,female
柴田 公太郎,公太郎,柴田,male
芦沢 冴,冴,芦沢,female
池田 都子,都子,池田,female
山口 修,修,山口,male
寺岡 深月,深月,寺岡,female
北 芳佳,芳佳,北,female
本橋 広紀,広紀,本橋,male
浦田 青空,青空,浦田,male
北澤 七加,七加,北澤,female
安達 州稀,州稀,安達,male
磯辺 咲耶,咲耶,磯辺,female
細谷 藍衣,藍衣,細谷,female
久米 東希,東希,久米,male
藤井 加奈子,加奈子,藤井,female
平川 夏蓮,夏蓮,平川,female
藤田 龍,龍,藤田,male
松原 沙月,沙月,松原,female
田中 春輝,春輝,田中,male
福村 初音,初音,福村,female
坂井 白音,白音,坂井,female
三上 春輝,春輝,三上,male
新木 陽葵,陽葵,新木,female
矢野 花奈,花奈,矢野,female
中 拓海,拓海,中,male
野村 龍太,龍太,野村,male
久保 冬崇,冬崇,久保,male
安東 秋雪,秋雪,安東,male
橋本 穂澄,穂澄,橋本,female
浅見 暁,暁,浅見,male
松村 楓雅,楓雅,松村,male
渕上 守,守,渕上,male
福島 慶,慶,福島,male
佐々木 温,温,佐々木,male
関口 潮流,潮流,関口,male
井伊 白音,白音,井伊,female
平井 仁,仁,平井,male
出口 秋岳,秋岳,出口,male
長澤 信織,信織,長澤,male
伊東 翼空,翼空,伊東,male
石田 湊,湊,石田,female
加藤 信史,信史,加藤,male
太田 園子,園子,太田,female
薦田 秋邦,秋邦,薦田,male
別府 栞奈,栞奈,別府,female
長野 莉子,莉子,長野,female
種村 和佳,和佳,種村,female
岩立 文,文,岩立,female
綿貫 隼,隼,綿貫,male
吉村 冬英,冬英,吉村,male
金原 彩,彩,金原,female
長谷川 楓,楓,長谷川,female
関 沙世子,沙世子,関,female
桑野 虎羽,虎羽,桑野,male
工藤 和飛,和飛,工藤,male
野村 実,実,野村,female
高井 澄玲,澄玲,高井,female
木野 恭子,恭子,木野,female
大下 翔太,翔太,大下,male
村松 都子,都子,村松,female
佐藤 穂高,穂高,佐藤,female
本多 信生,信生,本多,male
高木 翼空,翼空,高木,male
関根 花蓮,花蓮,関根,female
榎本 孝史郎,孝史郎,榎本,male
渡辺 日和,日和,渡辺,male
池田 沙世,沙世,池田,female
中村 はづき,はづき,中村,female
浦谷 弥生,弥生,浦谷,female
阿部 玄稀,玄稀,阿部,male
石丸 蘭華,蘭華,石丸,female
福間 春,春,福間,female
鈴木 虎羽,虎羽,鈴木,male
井野 蓮華,蓮華,井野,female
清水 啓志,啓志,清水,male
横山 和佳,和佳,横山,female
上山 護,護,上山,male
黒田 初音,初音,黒田,female
八木橋 慶,慶,八木橋,male
大和田 健斗,健斗,大和田,male
山川 寛次郎,寛次郎,山川,male
佐久間 柊月,柊月,佐久間,female
大野 元気,元気,大野,male
福谷 縁,縁,福谷,female
西田 夏空,夏空,西田,male
深山 高空,高空,深山,male
水谷 空希,空希,水谷,male
遠藤 李桜,李桜,遠藤,male
松井 勘太,勘太,松井,male
野田 秋常,秋常,野田,male
野崎 航海,航海,野崎,male
吉田 青翔,青翔,吉田,male
前田 弥衣子,弥衣子,前田,female
佐々木 七加,七加,佐々木,female
船越 昭春,昭春,船越,male
内山 陽葵,陽葵,内山,female
佐々木 天音,天音,佐々木,female
中村 龍彦,龍彦,中村,male
楠見 拓真,拓真,楠見,male
山田 真海,真海,山田,male
松本 信,信,松本,male
木村 健斗,健斗,木村,male
間島 初音,初音,間島,female
木村 深月,深月,木村,female
影山 秋岳,秋岳,影山,male
酒井 穂花,穂花,酒井,female
橘高 尊,尊,橘高,male
菰田 花奈,花奈,菰田,female
松岡 力,力,松岡,male
小山 蒼佑,蒼佑,小山,male
西山 梗花,梗花,西山,female
井本 信二,信二,井本,male
森 陽宇,陽宇,森,female
大城 秋登,秋登,大城,male
杉原 凛太朗,凛太朗,杉原,male
今井 龍弥,龍弥,今井,male
佐々木 秋海,秋海,佐々木,male
米谷 唯翔,唯翔,米谷,male
古賀 季心,季心,古賀,female
大城 彩有里,彩有里,大城,female
瀧口 秋邦,秋邦,瀧口,male
工藤 玲男,玲男,工藤,male
宇野 春風,春風,宇野,male
神崎 信,信,神崎,male
川北 柊伍,柊伍,川北,male
市田 鈴,鈴,市田,female
板橋 葵羽,葵羽,板橋,female
加藤 彩有里,彩有里,加藤,female
長沢 豊清,豊清,長沢,male
福田 めぐみ,めぐみ,福田,female
吉田 卯乃葉,卯乃葉,吉田,female
田村 土筆,土筆,田村,female
伊藤 鈴美玲,鈴美玲,伊藤,female
桑原 春絵,春絵,桑原,female
東 史乃,史乃,東,female
山田 雛子,雛子,山田,female
横井 秋里,秋里,横井,male
伊藤 百,百,伊藤,female
矢ケ崎 康史郎,康史郎,矢ケ崎,male
大堀 慶二郎,慶二郎,大堀,male
菅 飛海,飛海,菅,male
中井 湊,湊,中井,male
飯田 文美,文美,飯田,female
近藤 千風由,千風由,近藤,female
大塚 陽子,陽子,大塚,female
薗田 透子,透子,薗田,female
伊藤 織信,織信,伊藤,male
田中 徳人,徳人,田中,male
小原 月稀乃,月稀乃,小原,female
堀内 篤美,篤美,堀内,female
萩原 心桜,心桜,萩原,female
水戸部 美聖,美聖,水戸部,female
永沢 丈,丈,永沢,male
篠崎 透子,透子,篠崎,female
谷 白虎,白虎,谷,male
松尾 陽太,陽太,松尾,male
塩田 白虎,白虎,塩田,male
加納 市華,市華,加納,female
小松 龍生,龍生,小松,male
木内 月彦,月彦,木内,male
蒔田 豊夏,豊夏,蒔田,male
高嶋 冬仁,冬仁,高嶋,male
坪倉 幹二郎,幹二郎,坪倉,male
塚本 仁,仁,塚本,male
内田 律連,律連,内田,female
寺島 瑞穂,瑞穂,寺島,female
澤村 孝史郎,孝史郎,澤村,male
田中 空良,空良,田中,male
根岸 湊,湊,根岸,male
元木 土筆,土筆,元木,female
金井 騎士,騎士,金井,male
濱田 千春,千春,濱田,female
藤田 日和,日和,藤田,female
相田 青空,青空,相田,male
三枝 和雪,和雪,三枝,male
高橋 良羽,良羽,高橋,male
山中 昇,昇,山中,male
石橋 弥,弥,石橋,male
栗田 睦月,睦月,栗田,female
長 春海,春海,長,male
西沢 柚子,柚子,西沢,female
森下 咲世,咲世,森下,female
辻 秋忠,秋忠,辻,male
松木 雅楽,雅楽,松木,male
石川 織人,織人,石川,male
小林 伸春,伸春,小林,male
高橋 月奈,月奈,高橋,female
井上 凛輔,凛輔,井上,male
今井 栞奈,栞奈,今井,female
村木 咲世,咲世,村木,female
大畠 明羽,明羽,大畠,male
児玉 咲耶,咲耶,児玉,female
木下 秋雪,秋雪,木下,male
吉原 史男,史男,吉原,male
土居 天羽,天羽,土居,male
金澤 空斗,空斗,金澤,male
清水 昇,昇,清水,male
羽田 遥夏,遥夏,羽田,male
高橋 紫穂子,紫穂子,高橋,female
堀田 奈緒美,奈緒美,堀田,female
大岩 香織,香織,大岩,female
佐藤 蓮華,蓮華,佐藤,female
奥田 楓,楓,奥田,female
中村 秋常,秋常,中村,male
田中 虎飛,虎飛,田中,male
増田 奈藤,奈藤,増田,female
越智 尊彦,尊彦,越智,male
後藤 日登,日登,後藤,male
加藤 果七,果七,加藤,female
水沼 州稀,州稀,水沼,male
柏原 和雪,和雪,柏原,male
八木 悠飛,悠飛,八木,male
岡林 淳,淳,岡林,male
近藤 縁,縁,近藤,female
羽田 芳佳,芳佳,羽田,female
松崎 翔太,翔太,松崎,male
板垣 昭雄,昭雄,板垣,male
吉川 茜珠羽,茜珠羽,吉川,female
小林 賢人,賢人,小林,male
池田 豊清,豊清,池田,male
前田 智,智,前田,male
阪井 典夫,典夫,阪井,male
樋口 月稀乃,月稀乃,樋口,female
山本 桜,桜,山本,female
西畑 奈智,奈智,西畑,female
青木 公太郎,公太郎,青木,male
茅原 花乃,花乃,茅原,female
阿部 皐月,皐月,阿部,female
大熊 蒼士,蒼士,大熊,male
倉田 夏太,夏太,倉田,male
坂井 律連,律連,坂井,female
岩本 稜介,稜介,岩本,male
中山 千代子,千代子,中山,female
奥田 実,実,奥田,female
岡村 結,結,岡村,male
古野 春太,春太,古野,male
小島 華乃美,華乃美,小島,female
伊藤 征史郎,征史郎,伊藤,male
猪俣 夏明,夏明,猪俣,male
岡 康史郎,康史郎,岡,male
山田 霞美,霞美,山田,female
斎藤 梨花,梨花,斎藤,female
杉本 翼,翼,杉本,female
樫原 隆春,隆春,樫原,male
柏 新介,新介,柏,male
今川 昇,昇,今川,male
江尻 名樹,名樹,江尻,male
大塚 和,和,大塚,female
伊藤 忍乃,忍乃,伊藤,female
米田 豊人,豊人,米田,male
小室 蔵之助,蔵之助,小室,male
市来 昴,昴,市来,male
竹内 信史,信史,竹内,male
藤岡 夏海人,夏海人,藤岡,male
嶋田 龍弥,龍弥,嶋田,male
山崎 蒼生,蒼生,山崎,male
上江洲 睦,睦,上江洲,female
森本 海,海,森本,female
杉山 文美,文美,杉山,female
角田 伊織,伊織,角田,female
中川 弥,弥,中川,male
小坂 月花,月花,小坂,female
宮沢 氷翠,氷翠,宮沢,female
安藤 恭,恭,安藤,female
北川 聖音,聖音,北川,female
後藤 颯,颯,後藤,male
森田 海空,海空,森田,female
住吉 楓乃,楓乃,住吉,female
矢野 潮流,潮流,矢野,male
宮脇 佳乃子,佳乃子,宮脇,female
伊藤 秋常,秋常,伊藤,male
川野 麻衣,麻衣,川野,female
辰巳 慶,慶,辰巳,male
萩尾 凛,凛,萩尾,female
梶原 桜,桜,梶原,female
加藤 公太郎,公太郎,加藤,male
田中 大輔,大輔,田中,male
下村 沙月,沙月,下村,female
山元 秋継,秋継,山元,male
山川 春雄,春雄,山川,male
武井 海老蔵,海老蔵,武井,male
古澤 小都,小都,古澤,female
川島 秋桜,秋桜,川島,female
児島 仁,仁,児島,male
山田 徳彦,徳彦,山田,male
藤木 柊伍,柊伍,藤木,male
木下 成,成,木下,female
真鍋 夏海人,夏海人,真鍋,male
松久 白虎,白虎,松久,male
大浦 騎士,騎士,大浦,male
小西 卯乃葉,卯乃葉,小西,female
小林 温,温,小林,male
中山 華美,華美,中山,female
丸谷 冷奈,冷奈,丸谷,female
小山 白音,白音,小山,female
上田 雄大,雄大,上田,male
星野 蒼羽,蒼羽,星野,male
竹村 正和,正和,竹村,male
荒井 秋士朗,秋士朗,荒井,male
押田 信生,信生,押田,male
飯塚 千菜美,千菜美,飯塚,female
黒沢 勘太,勘太,黒沢,male
安井 果七,果七,安井,female
宇都宮 千代,千代,宇都宮,female
谷 沙季歩,沙季歩,谷,female
草間 卯乃葉,卯乃葉,草間,female
高橋 竜馬,竜馬,高橋,male
小林 穂花,穂花,小林,female
佐渡 灯花,灯花,佐渡,female
山中 唯花,唯花,山中,female
鈴木 和飛,和飛,鈴木,male
橋本 章介,章介,橋本,male
安達 実,実,安達,female
宮脇 颯,颯,宮脇,male
難波 岳,岳,難波,male
早見 伊桜里,伊桜里,早見,female
柴崎 睦,睦,柴崎,female
陶山 桜良,桜良,陶山,female
北沢 稜介,稜介,北沢,male
海老根 千春,千春,海老根,male
野原 信,信,野原,male
富永 蒼佑,蒼佑,富永,male
榎本 和雪,和雪,榎本,male
池谷 紀子,紀子,池谷,female
井原 あおい,あおい,井原,female
秋山 京子,京子,秋山,female
新貝 果七,果七,新貝,female
秋元 明花音,明花音,秋元,female
脇本 実,実,脇本,female
有田 冬磨,冬磨,有田,male
麻生 園子,園子,麻生,female
長嶺 涼吾,涼吾,長嶺,male
橋元 千代子,千代子,橋元,female
高井 蒼士,蒼士,高井,male
細井 雅,雅,細井,male
鈴木 夏蓮,夏蓮,鈴木,female
依田 秋登,秋登,依田,male
松木 夏海人,夏海人,松木,male
佐藤 小雪,小雪,佐藤,female
関 冬英,冬英,関,male
出口 千代乃,千代乃,出口,female
野村 茜,茜,野村,female
稲葉 希生,希生,稲葉,male
中村 忠雪,忠雪,中村,male
田坂 翼,翼,田坂,female
坂井 涼吾,涼吾,坂井,male
望月 星奈,星奈,望月,female
福地 紅梨,紅梨,福地,female
筒井 彩,彩,筒井,female
菊地 有桜,有桜,菊地,female
齋藤 菊之輔,菊之輔,齋藤,male
村上 幸士郎,幸士郎,村上,male
滝田 佳代,佳代,滝田,female
石塚 風澄,風澄,石塚,female
島崎 飛,飛,島崎,male
高木 桐,桐,高木,female
奧田 澪,澪,奧田,female
斎藤 海,海,斎藤,female
尾野 紬,紬,尾野,female
東 乙葉,乙葉,東,female
佐藤 匠,匠,佐藤,male
市橋 青空,青空,市橋,male
町田 紫苑,紫苑,町田,female
岩井 千尋,千尋,岩井,female
広江 織人,織人,広江,male
奧野 京子,京子,奧野,female
大谷 杏子,杏子,大谷,female
長田 佳乃子,佳乃子,長田,female
小島 浩介,浩介,小島,male
田辺 春雄,春雄,田辺,male
深澤 佳乃子,佳乃子,深澤,female
鶴田 さつき,さつき,鶴田,female
管 梨花,梨花,管,female
遠藤 凜,凜,遠藤,female
雑賀 杏菜,杏菜,雑賀,female
秋山 初,初,秋山,female
原 紫苑,紫苑,原,female
白神 遥夏,遥夏,白神,male
川崎 翔耀,翔耀,川崎,male
篠原 颯,颯,篠原,male
相田 大輔,大輔,相田,male
城所 樹,樹,城所,male
遠山 秋央,秋央,遠山,male
友野 冬己,冬己,友野,male
早川 紳,紳,早川,male
大和田 桜良,桜良,大和田,female
長谷川 想希,想希,長谷川,male
川上 光矢,光矢,川上,male
河野 日南太,日南太,河野,male
小幡 衣吹季,衣吹季,小幡,male
籾山 氷翠,氷翠,籾山,female
富田 匠,匠,富田,male
渡辺 莉,莉,渡辺,female
森田 栞,栞,森田,female
奈須 雅,雅,奈須,male
佐野 友春,友春,佐野,male
景山 虎飛,虎飛,景山,male
島田 梓咲,梓咲,島田,female
糸山 沙蘭,沙蘭,糸山,female
角 春日,春日,角,female
田村 琥大,琥大,田村,male
森 梗花,梗花,森,female
小川 織信,織信,小川,male
馬淵 柊翔,柊翔,馬淵,male
上野 依央奈,依央奈,上野,female
遠藤 遥夏,遥夏,遠藤,male
林 幹二郎,幹二郎,林,male
金村 穂風,穂風,金村,male
坂本 桃李,桃李,坂本,female
青木 梓咲,梓咲,青木,female
桜井 晶,晶,桜井,female
川崎 琴都美,琴都美,川崎,female
高倉 仁,仁,高倉,male
宗像 花奈,花奈,宗像,female
岩沢 暢介,暢介,岩沢,male
渡辺 元,元,渡辺,male
鈴木 紅梨,紅梨,鈴木,female
斎藤 紅葉,紅葉,斎藤,female
中瀬 紬,紬,中瀬,female
春日 希心,希心,春日,female
有本 大輔,大輔,有本,male
河内 古都子,古都子,河内,female
小玉 元気,元気,小玉,male
岡村 信史,信史,岡村,male
奥野 聖,聖,奥野,male
樋川 徳彦,徳彦,樋川,male
笹野 秋里,秋里,笹野,male
大前 冴,冴,大前,female
中村 希子,希子,中村,female
望月 瀧之介,瀧之介,望月,male
岡本 秋穂,秋穂,岡本,female
堀内 美聖,美聖,堀内,female
筒井 実純,実純,筒井,male
大窪 伊織,伊織,大窪,female
鈴木 雛子,雛子,鈴木,female
土田 幸士郎,幸士郎,土田,male
玉木 空希,空希,玉木,male
及川 鈴音,鈴音,及川,female
手塚 和音,和音,手塚,female
原田 花奈,花奈,原田,female
竹内 章介,章介,竹内,male
宮崎 雄大,雄大,宮崎,male
大橋 夏都,夏都,大橋,female
岩田 空良,空良,岩田,male
桑原 紫穂子,紫穂子,桑原,female
大貫 湊海,湊海,大貫,male
若菜 大和,大和,若菜,male
伊賀 桜良,桜良,伊賀,female
渋谷 龍之介,龍之介,渋谷,male
西畑 珠季,珠季,西畑,female
松葉 空希,空希,松葉,male
東條 冬己,冬己,東條,male
津田 動,動,津田,male
石井 千早,千早,石井,female
原田 龍,龍,原田,male
稲木 岳,岳,稲木,male
青柳 昭雄,昭雄,青柳,male
西村 桜,桜,西村,female
鈴木 太輔,太輔,鈴木,male
小野 新介,新介,小野,male
今村 大河,大河,今村,male
志賀 天空,天空,志賀,male
山城 孝次郎,孝次郎,山城,male
福島 動,動,福島,male
岡村 青空,青空,岡村,male
山田 茜珠羽,茜珠羽,山田,female
河合 花奈,花奈,河合,female
小川 清香,清香,小川,female
柴田 成生,成生,柴田,male
今野 満,満,今野,female
平井 紅,紅,平井,female
岡本 小雪,小雪,岡本,female
福田 銀河,銀河,福田,male
佐藤 唯,唯,佐藤,female
高野 春昴,春昴,高野,male
横山 忠雪,忠雪,横山,male
前川 拓実,拓実,前川,male
近藤 大夏,大夏,近藤,male
永山 彩有里,彩有里,永山,female
小此木 孝史郎,孝史郎,小此木,male
小村 湊海,湊海,小村,female
山本 豊清,豊清,山本,male
品川 翔,翔,品川,male
藤原 弥衣子,弥衣子,藤原,female
渡辺 篤美,篤美,渡辺,female
浅野 京士郎,京士郎,浅野,male
亀山 櫂聖,櫂聖,亀山,male
戸田 明日菜,明日菜,戸田,female
有野 龍人,龍人,有野,male
津田 文奈,文奈,津田,female
泉 千颯,千颯,泉,male
武内 藤子,藤子,武内,female
森 涼吾,涼吾,森,male
松林 稜介,稜介,松林,male
川崎 実純,実純,川崎,male
鈴木 仁,仁,鈴木,male
円谷 空晴,空晴,円谷,male
堀江 咲花,咲花,堀江,female
橋本 江莉香,江莉香,橋本,female
齋藤 月花,月花,齋藤,female
平野 樹,樹,平野,male
福田 護,護,福田,male
河合 小都,小都,河合,female
高田 月稀乃,月稀乃,高田,female
森田 満,満,森田,female
日下部 津由,津由,日下部,female
高瀬 風夏,風夏,高瀬,female
原田 秋穂,秋穂,原田,female
南場 孝生,孝生,南場,male
伊藤 巴,巴,伊藤,female
大塚 輝冬,輝冬,大塚,male
矢野 江莉香,江莉香,矢野,female
高松 信織,信織,高松,male
知久 玲男,玲男,知久,male
田口 天音,天音,田口,female
布施 竜飛,竜飛,布施,male
安川 虎,虎,安川,male
佐藤 輝,輝,佐藤,male
長浜 秋貴,秋貴,長浜,male
佐々野 月奈,月奈,佐々野,female
泉山 凜桜,凜桜,泉山,female
天野 菊次郎,菊次郎,天野,male
山下 穣士,穣士,山下,male
鷲尾 季心,季心,鷲尾,female
峰村 史緒里,史緒里,峰村,female
水上 紫穂子,紫穂子,水上,female
塚本 茜,茜,塚本,female
三浦 温英,温英,三浦,male
杉田 恭子,恭子,杉田,female
伊丹 海凪,海凪,伊丹,female
畑田 陽葵,陽葵,畑田,female
堀口 冴,冴,堀口,female
成田 春海,春海,成田,male
宮田 空晴,空晴,宮田,male
城 守,守,城,male
安永 潮流,潮流,安永,male
小川 秋海,秋海,小川,male
川野 州稀,州稀,川野,male
北山 騎士,騎士,北山,male
沢田 果七,果七,沢田,female
佐藤 龍生,龍生,佐藤,male
渡辺 伊桜里,伊桜里,渡辺,female
藤田 聖,聖,藤田,male
山本 空飛,空飛,山本,male
永井 白音,白音,永井,female
小高 萩作,萩作,小高,male
成田 成冬,成冬,成田,male
小林 雅久,雅久,小林,male
森 尊彦,尊彦,森,male
樫村 彩春,彩春,樫村,female
今井 奈緒美,奈緒美,今井,female
鈴木 紳,紳,鈴木,male
内山 一望,一望,内山,female
樋口 杏菜,杏菜,樋口,female
岡崎 光,光,岡崎,male
田辺 陽雄,陽雄,田辺,male
今野 沙雪,沙雪,今野,female
安藤 歩夢希,歩夢希,安藤,male
浅野 巴子,巴子,浅野,female
高森 棗芽,棗芽,高森,female
末永 江莉香,江莉香,末永,female
武田 京士郎,京士郎,武田,male
西島 楓,楓,西島,female
中崎 茜珠羽,茜珠羽,中崎,female
古舘 めぐみ,めぐみ,古舘,female
川崎 海,海,川崎,female
石川 空悟,空悟,石川,male
星 大雅,大雅,星,male
花井 沙月,沙月,花井,female
八塚 翔太,翔太,八塚,male
服部 学,学,服部,male
岡田 蘭,蘭,岡田,female
安里 竜介,竜介,安里,male
吉永 輝,輝,吉永,male
田村 秋里,秋里,田村,male
河野 守,守,河野,male
渡辺 恭子,恭子,渡辺,female
柴崎 要,要,柴崎,female
堀内 樹,樹,堀内,male
浜口 千代子,千代子,浜口,female
佐藤 穂高,穂高,佐藤,female
三木 芳佳,芳佳,三木,female
小林 秋貴,秋貴,小林,male
鈴木 千代子,千代子,鈴木,female
田中 青生,青生,田中,male
北出 昭春,昭春,北出,male
久末 士彦,士彦,久末,male
寺沢 孝生,孝生,寺沢,male
山岡 有羽季,有羽季,山岡,female
西 空色,空色,西,male
伊部 隆春,隆春,伊部,male
中原 颯,颯,中原,male
黒田 翔,翔,黒田,male
小池 彩,彩,小池,female
平本 千尋,千尋,平本,female
白川 恭,恭,白川,female
木村 幸士郎,幸士郎,木村,male
久家 勘太,勘太,久家,male
江崎 光,光,江崎,male
桶田 蘭,蘭,桶田,female
古田 千代子,千代子,古田,female
藤井 日南太,日南太,藤井,male
宮本 武玄,武玄,宮本,male
城 千早,千早,城,female
持田 千秋,千秋,持田,female
今関 真白,真白,今関,female
飯田 悠空,悠空,飯田,male
福井 栞奈,栞奈,福井,female
酒井 聖涼,聖涼,酒井,male
常田 茜珠羽,茜珠羽,常田,female
笠井 桃李,桃李,笠井,female
荒井 未由来,未由来,荒井,female
鈴木 日登,日登,鈴木,male
長谷川 蒼生,蒼生,長谷川,male
山崎 大空,大空,山崎,male
井上 太子,太子,井上,male
星野 真海,真海,星野,male
大原 白音,白音,大原,female
速水 深月,深月,速水,female
福島 光,光,福島,male
島本 京士郎,京士郎,島本,male
笠井 海空,海空,笠井,female
朝日 睦,睦,朝日,female
矢野 翔太,翔太,矢野,male
大関 元,元,大関,male
宮村 あおい,あおい,宮村,female
八木 昇,昇,八木,male
小林 新介,新介,小林,male
山本 有羽季,有羽季,山本,female
安田 稜介,稜介,安田,male
川田 紫織,紫織,川田,female
林 温英,温英,林,male
秋山 紬,紬,秋山,female
那須野 郁乃,郁乃,那須野,female
小林 梨花,梨花,小林,female
森田 丈,丈,森田,male
島田 光秀,光秀,島田,male
渡辺 玲男,玲男,渡辺,male
石田 春日,春日,石田,female
坂本 公太郎,公太郎,坂本,male
青柳 海音,海音,青柳,female
板井 空,空,板井,male
片貝 涼吾,涼吾,片貝,male
平井 莉,莉,平井,female
新居 忍乃,忍乃,新居,female
吉田 蔵之介,蔵之介,吉田,male
岡本 花乃,花乃,岡本,female
小沢 翔,翔,小沢,male
安達 めぐみ,めぐみ,安達,female
井上 奈智,奈智,井上,female
高田 和佐,和佐,高田,female
手塚 莉,莉,手塚,female
古矢 夏樹,夏樹,古矢,male
正木 倉之助,倉之助,正木,male
鈴木 満,満,鈴木,female
村田 輝冬,輝冬,村田,male
石川 沙蘭,沙蘭,石川,female
松林 夏乃,夏乃,松林,female
木村 香奈,香奈,木村,female
木戸 奏海,奏海,木戸,female
綿貫 孝生,孝生,綿貫,male
栗田 未由来,未由来,栗田,female
成松 都子,都子,成松,female
山本 千代子,千代子,山本,female
原川 希心,希心,原川,female
中園 氷翠,氷翠,中園,female
吉村 雅楽,雅楽,吉村,male
木田 桃李,桃李,木田,female
瀬戸 彩有里,彩有里,瀬戸,female
森崎 新音,新音,森崎,female
奧村 蘭華,蘭華,奧村,female
佐々木 冬仁,冬仁,佐々木,male
山崎 空希,空希,山崎,male
竹中 藍衣,藍衣,竹中,female
浜田 和雪,和雪,浜田,male
中丸 彩芽,彩芽,中丸,female
来栖 渡海男,渡海男,来栖,male
吉村 彩春,彩春,吉村,female
坂本 柚季,柚季,坂本,female
鵜飼 信,信,鵜飼,male
山本 景子,景子,山本,female
倉田 海美,海美,倉田,female
高橋 倉之助,倉之助,高橋,male
林 冷奈,冷奈,林,female
小松 拓真,拓真,小松,male
東 士彦,士彦,東,male
本田 玲男,玲男,本田,male
竹田 笑,笑,竹田,female
古田 帆希,帆希,古田,female
増田 千秋,千秋,増田,female
藤橋 桜花,桜花,藤橋,female
川添 秋継,秋継,川添,male
下山 聖,聖,下山,male
笹井 澄辰,澄辰,笹井,male
谷口 弓,弓,谷口,female
高山 咲世,咲世,高山,female
村上 蒼佑,蒼佑,村上,male
北 舞雪,舞雪,北,female
木田 和雪,和雪,木田,male
金丸 城,城,金丸,male
大西 冬己,冬己,大西,male
島田 季心,季心,島田,female
清水 奏,奏,清水,female
桑原 秋親,秋親,桑原,male
村松 鈴,鈴,村松,female
平田 菊次郎,菊次郎,平田,male
園田 啓之助,啓之助,園田,male
井出 凛,凛,井出,female
小林 奏海,奏海,小林,female
山崎 弥子,弥子,山崎,female
松下 桜,桜,松下,female
五十川 桜子,桜子,五十川,female
小林 仁,仁,小林,male
森口 夏海人,夏海人,森口,male
伊藤 蔵之助,蔵之助,伊藤,male
鈴木 冬一郎,冬一郎,鈴木,male
酒井 里海,里海,酒井,male
甲斐 紬,紬,甲斐,female
桜井 浩介,浩介,桜井,male
清藤 藍佳,藍佳,清藤,female
鈴木 晶,晶,鈴木,female
山口 瑠夏,瑠夏,山口,female
宮崎 雅楽,雅楽,宮崎,male
山口 花奈,花奈,山口,female
伊藤 冴和,冴和,伊藤,female
森谷 冴和,冴和,森谷,female
阿比留 初,初,阿比留,female
大塚 秋里,秋里,大塚,male
石塚 楓佳,楓佳,石塚,female
増田 昭春,昭春,増田,male
増田 武玄,武玄,増田,male
上田 虎,虎,上田,male
鍋田 雅,雅,鍋田,male
金谷 湊海,湊海,金谷,female
下原 清香,清香,下原,female
中野 桜子,桜子,中野,female
大金 忠雪,忠雪,大金,male
堤 冬己,冬己,堤,male
桑原 蒼羽,蒼羽,桑原,male
細川 孝次郎,孝次郎,細川,male
長島 海,海,長島,male
真島 健斗,健斗,真島,male
長谷川 柊咲,柊咲,長谷川,female
伊藤 乙葉,乙葉,伊藤,female
蓑田 明日香,明日香,蓑田,female
石川 蒼佑,蒼佑,石川,male
原 和音,和音,原,female
平井 豊人,豊人,平井,male
伊藤 織人,織人,伊藤,male
井出 夕凪,夕凪,井出,female
布川 雛子,雛子,布川,female
坂田 春芽,春芽,坂田,female
岡村 桜雅,桜雅,岡村,male
青木 空斗,空斗,青木,male
菅野 寧々,寧々,菅野,female
井上 虎,虎,井上,male
鈴木 輝冬,輝冬,鈴木,male
飯沼 春日,春日,飯沼,female
近田 青空,青空,近田,male
竹中 信織,信織,竹中,male
鈴木 皐,皐,鈴木,female
岩野 千早,千早,岩野,female
永田 小羽子,小羽子,永田,female
中島 冬樹,冬樹,中島,male
一宮 銀河,銀河,一宮,male
川西 楓乃,楓乃,川西,female
西村 穂風,穂風,西村,male
高岡 光,光,高岡,male
小野 翔,翔,小野,male
鈴木 一華,一華,鈴木,female
榎本 紅,紅,榎本,female
吉田 陽雄,陽雄,吉田,male
上地 尊士,尊士,上地,male
工藤 千代,千代,工藤,female
田中 一颯,一颯,田中,male
古矢 希子,希子,古矢,female
岩切 結,結,岩切,male
大石 初樹,初樹,大石,male
山口 巴子,巴子,山口,female
小林 かすみ,かすみ,小林,female
新垣 銀河,銀河,新垣,male
高野 巴,巴,高野,female
森 龍之介,龍之介,森,male
荒井 澪,澪,荒井,female
宇野 風澄,風澄,宇野,female
木本 龍之介,龍之介,木本,male
永井 新介,新介,永井,male
沢田 和葉,和葉,沢田,female
阿部 海美,海美,阿部,female
岡崎 渡海男,渡海男,岡崎,male
名古屋 湊海,湊海,名古屋,female
安藤 秋忠,秋忠,安藤,male
谷田 明,明,谷田,male
島村 泰佐,泰佐,島村,male
渡井 春一,春一,渡井,male
酒井 信織,信織,酒井,male
糸川 湊海,湊海,糸川,female
吉田 翔希,翔希,吉田,male
大越 信史,信史,大越,male
遠藤 龍,龍,遠藤,male
土屋 春太,春太,土屋,male
鈴木 小町,小町,鈴木,female
岩間 青空,青空,岩間,male
桜木 奏,奏,桜木,female
沢村 椋子,椋子,沢村,female
北川 藍佳,藍佳,北川,female
平野 舞雪,舞雪,平野,female
外川 空飛,空飛,外川,male
益子 睦,睦,益子,female
竹村 花耶,花耶,竹村,female
岩本 秋常,秋常,岩本,male
松田 琥大,琥大,松田,male
鈴木 未由来,未由来,鈴木,female
湯田 果七,果七,湯田,female
堀井 麻姫,麻姫,堀井,female
斎藤 那月,那月,斎藤,female
高橋 結,結,高橋,male
南 龍弥,龍弥,南,male
浜 湊海,湊海,浜,female
高野 薫,薫,高野,male
福田 玲丞,玲丞,福田,male
伊藤 指揮,指揮,伊藤,male
沢田 空悟,空悟,沢田,male
大沢 櫂聖,櫂聖,大沢,male
平野 晴,晴,平野,male
上村 琴乃,琴乃,上村,female
赤津 文奈,文奈,赤津,female
石崎 空太,空太,石崎,male
鈴木 夏乃,夏乃,鈴木,female
平林 智士,智士,平林,male
伊藤 杏菜,杏菜,伊藤,female
渡辺 岳,岳,渡辺,male
渡辺 莉津華,莉津華,渡辺,female
中村 啓之助,啓之助,中村,male
馬場 紬,紬,馬場,female
村野 主冴,主冴,村野,male
加藤 奈智,奈智,加藤,female
石橋 紳,紳,石橋,male
長谷部 夏樹,夏樹,長谷部,male
竹内 景,景,竹内,female
川野 楓,楓,川野,female
中村 倉之助,倉之助,中村,male
香川 春日,春日,香川,female
寺尾 小羽子,小羽子,寺尾,female
池田 芹加,芹加,池田,female
高森 楓佳,楓佳,高森,female
伊藤 大祈,大祈,伊藤,male
岩崎 飛海,飛海,岩崎,male
鈴木 奏,奏,鈴木,female
堀江 冬也,冬也,堀江,male
尾関 衣吹季,衣吹季,尾関,male
北川 正稀,正稀,北川,male
宇都 皐月,皐月,宇都,female
山本 千代子,千代子,山本,female
藤山 翼,翼,藤山,female
畑 厚雪,厚雪,畑,male
塩田 春,春,塩田,female
佐藤 希心,希心,佐藤,female
湯川 柊伍,柊伍,湯川,male
上田 冴和,冴和,上田,female
山田 牧乃,牧乃,山田,female
岩渕 空晴,空晴,岩渕,male
松田 聖音,聖音,松田,female
藤田 冬崇,冬崇,藤田,male
富樫 沙季歩,沙季歩,富樫,female
六本木 織人,織人,六本木,male
安藤 明花音,明花音,安藤,female
佐々木 透子,透子,佐々木,female
渡辺 結,結,渡辺,male
中村 秋雪,秋雪,中村,male
奥野 柚季,柚季,奥野,female
今井 翼空,翼空,今井,male
斉藤 龍,龍,斉藤,male
内山 桐,桐,内山,female
桜井 和也,和也,桜井,male
前田 澄辰,澄辰,前田,male
上野 虎,虎,上野,male
千葉 作二郎,作二郎,千葉,male
前田 夏蓮,夏蓮,前田,female
坂野 蓮華,蓮華,坂野,female
斎藤 雪華,雪華,斎藤,female
宇野 梓咲,梓咲,宇野,female
山村 青翔,青翔,山村,male
太田 渡海男,渡海男,太田,male
大和 灯花,灯花,大和,female
岡崎 めぐみ,めぐみ,岡崎,female
清水 彩桜葉,彩桜葉,清水,female
鈴木 撫子,撫子,鈴木,female
山下 竜介,竜介,山下,male
井川 奏汰,奏汰,井川,male
嶋田 淳,淳,嶋田,male
小松 章,章,小松,male
中沢 菜子,菜子,中沢,female
三浦 紬,紬,三浦,female
山本 友梨乃,友梨乃,山本,female
中沢 要,要,中沢,male
石塚 信織,信織,石塚,male
前田 春道,春道,前田,male
村中 隼,隼,村中,male
西川 龍月,龍月,西川,male
青木 千沙都,千沙都,青木,female
上村 秋桜,秋桜,上村,female
稲木 信織,信織,稲木,male
池田 尊,尊,池田,male
佐藤 満,満,佐藤,female
山川 沙雪,沙雪,山川,female
桐野 菜々星,菜々星,桐野,female
香川 天羽,天羽,香川,male
原 和雪,和雪,原,male
矢部 京士郎,京士郎,矢部,male
小町 秋貴,秋貴,小町,male
沼田 知美,知美,沼田,female
平泉 和夫,和夫,平泉,male
滝川 円,円,滝川,female
山本 楓,楓,山本,female
棚田 蔵之介,蔵之介,棚田,male
斉藤 鈴音,鈴音,斉藤,female
青木 静香,静香,青木,female
竹田 海音,海音,竹田,female
岩田 真白,真白,岩田,female
千葉 優雅,優雅,千葉,male
寺島 美琴,美琴,寺島,female
森田 温,温,森田,male
森本 新介,新介,森本,male
崎村 巴子,巴子,崎村,female
篠田 蒼乃子,蒼乃子,篠田,female
西山 憲,憲,西山,male
大沼 静香,静香,大沼,female
杉本 寧々,寧々,杉本,female
村上 広紀,広紀,村上,male
山本 皐月,皐月,山本,female
中山 小夏,小夏,中山,female
中島 和人,和人,中島,male
高橋 正和,正和,高橋,male
丹治 康史郎,康史郎,丹治,male
西本 和,和,西本,female
大坪 秋雪,秋雪,大坪,male
大西 龍彦,龍彦,大西,male
柴田 奈智,奈智,柴田,female
田丸 和佐,和佐,田丸,female
加藤 翔,翔,加藤,male
新名 章介,章介,新名,male
関 冬己,冬己,関,male
中西 青翔,青翔,中西,male
山本 雄大,雄大,山本,male
鴫原 飛人,飛人,鴫原,male
鈴木 弓,弓,鈴木,female
吉永 琴乃,琴乃,吉永,female
宮田 大和,大和,宮田,male
設楽 春昴,春昴,設楽,male
山浦 玲丞,玲丞,山浦,male
山下 聖,聖,山下,male
高山 大和,大和,高山,male
土屋 月稀乃,月稀乃,土屋,female
水越 奈緒美,奈緒美,水越,female
久野 夏海人,夏海人,久野,male
望月 光喜,光喜,望月,male
高橋 城,城,高橋,male
岩田 咲耶,咲耶,岩田,female
門脇 青空,青空,門脇,male
秋山 麻衣,麻衣,秋山,female
古里 新音,新音,古里,female
石川 守,守,石川,male
中村 章介,章介,中村,male
池田 杏,杏,池田,female
児玉 有澄,有澄,児玉,female
三瓶 卯月,卯月,三瓶,female
山川 秋里,秋里,山川,male
川西 柊咲,柊咲,川西,female
池辺 衣吹季,衣吹季,池辺,male
小林 明羽,明羽,小林,male
大平 孝生,孝生,大平,male
米沢 霞美,霞美,米沢,female
渡邉 大河,大河,渡邉,male
中野 彩芽,彩芽,中野,female
大畠 悠空,悠空,大畠,male
渥美 陽太,陽太,渥美,male
市川 清香,清香,市川,female
楢崎 千早,千早,楢崎,female
岸本 忠雪,忠雪,岸本,male
織田 千颯,千颯,織田,male
内田 景依,景依,内田,female
佐々木 紬,紬,佐々木,female
伊藤 陽太,陽太,伊藤,male
岩崎 夏海人,夏海人,岩崎,male
溝上 空晴,空晴,溝上,male
飯塚 花耶,花耶,飯塚,female
関 和佳,和佳,関,female
野口 白音,白音,野口,female
後藤 里海,里海,後藤,male
森下 夏之,夏之,森下,male
宮本 蒼士,蒼士,宮本,male
塚原 希子,希子,塚原,female
大内 冬雪,冬雪,大内,male
西田 琥大,琥大,西田,male
中山 拓海,拓海,中山,male
林 沙季歩,沙季歩,林,female
迫田 天羽,天羽,迫田,male
関 奏汰,奏汰,関,male
久保 弓実,弓実,久保,female
小幡 澄辰,澄辰,小幡,male
吉田 葵咲,葵咲,吉田,female
奥田 凪沙,凪沙,奥田,female
小澤 雅楽,雅楽,小澤,male
進藤 賢人,賢人,進藤,male
甲斐田 騎士,騎士,甲斐田,male
森田 縁,縁,森田,female
三木 果七,果七,三木,female
金田 学,学,金田,male
天野 秋忠,秋忠,天野,male
山口 空光,空光,山口,male
野口 良羽,良羽,野口,male
本多 伊万里,伊万里,本多,female
沢田 紅葉,紅葉,沢田,female
遠藤 輝,輝,遠藤,male
重松 太輔,太輔,重松,male
森下 涼翔,涼翔,森下,male
吉田 拓真,拓真,吉田,male
古川 倉之助,倉之助,古川,male
奥山 陽葵,陽葵,奥山,female
金森 沙雪,沙雪,金森,female
鎌田 明花音,明花音,鎌田,female
藤原 悠飛,悠飛,藤原,male
桑山 天空,天空,桑山,male
柴 たまき,たまき,柴,female
石井 知歌,知歌,石井,female
脇 新介,新介,脇,male
鎌田 夏空,夏空,鎌田,male
小泉 幸士郎,幸士郎,小泉,male
酒井 弓実,弓実,酒井,female
平野 夏明,夏明,平野,male
桑山 栞菜,栞菜,桑山,female
矢野 珠季,珠季,矢野,female
森 一望,一望,森,female
本間 依央奈,依央奈,本間,female
山中 海空,海空,山中,female
尾原 牧乃,牧乃,尾原,female
武田 凪沙,凪沙,武田,female
柴田 琴都美,琴都美,柴田,female
遠藤 雅己,雅己,遠藤,male
里見 秋里,秋里,里見,male
谷垣 伊織,伊織,谷垣,female
高橋 美久里,美久里,高橋,female
金子 彩,彩,金子,female
大熊 明,明,大熊,male
柏木 信生,信生,柏木,male
三室 茜,茜,三室,female
石川 楓乃,楓乃,石川,female
立石 影来,影来,立石,male
田巻 悠人,悠人,田巻,male
岩月 佳代,佳代,岩月,female
笹島 凜桜,凜桜,笹島,female
佐伯 亜子,亜子,佐伯,female
米森 拓海,拓海,米森,male
石田 玲維,玲維,石田,female
仲里 明日菜,明日菜,仲里,female
橋本 海凪,海凪,橋本,female
玉城 湊海,湊海,玉城,male
貝塚 元,元,貝塚,male
神山 春昴,春昴,神山,male
落合 芹加,芹加,落合,female
久保 紬,紬,久保,female
成田 遥日,遥日,成田,female
坂井 咲久耶,咲久耶,坂井,female
加瀬 沙衣花,沙衣花,加瀬,female
星野 茜,茜,星野,female
西坂 尊,尊,西坂,male
鈴木 秋三,秋三,鈴木,male
伊藤 桜,桜,伊藤,female
谷口 陽雄,陽雄,谷口,male
近藤 夏海人,夏海人,近藤,male
高橋 温,温,高橋,male
酒井 千代乃,千代乃,酒井,female
吉田 風季,風季,吉田,male
別所 龍馬,龍馬,別所,male
湯田 梗花,梗花,湯田,female
宮下 千風由,千風由,宮下,female
富田 凜桜,凜桜,富田,female
尾形 和雪,和雪,尾形,male
市川 蒼佑,蒼佑,市川,male
宮里 一颯,一颯,宮里,male
山室 睦月,睦月,山室,female
北林 紫織,紫織,北林,female
大沢 景依,景依,大沢,female
井村 仁,仁,井村,male
森岡 佳乃子,佳乃子,森岡,female
石井 咲世,咲世,石井,female
渋谷 仁,仁,渋谷,male
土屋 秋常,秋常,土屋,male
西城 楓,楓,西城,female
田中 飛海,飛海,田中,male
山本 風夏,風夏,山本,female
平尾 冬也,冬也,平尾,male
長友 高昊,高昊,長友,male
杉山 新音,新音,杉山,female
吉野 紫苑,紫苑,吉野,female
木谷 史男,史男,木谷,male
小野寺 穂澄,穂澄,小野寺,female
植田 結,結,植田,male
千田 州稀,州稀,千田,male
鈴木 仁歌,仁歌,鈴木,female
阿部 夏樹,夏樹,阿部,male
飯田 名樹,名樹,飯田,male
山尾 夕弦,夕弦,山尾,male
瀬田 勇士,勇士,瀬田,male
入江 紳,紳,入江,male
久場 夏乃,夏乃,久場,female
金子 龍太,龍太,金子,male
川下 拓真,拓真,川下,male
長谷川 秋登,秋登,長谷川,male
川上 茜,茜,川上,female
小西 信史,信史,小西,male
宮川 都子,都子,宮川,female
関 彩春,彩春,関,female
平嶋 明羽,明羽,平嶋,male
西村 空色,空色,西村,male
石川 牧乃,牧乃,石川,female
田村 秋成,秋成,田村,male
西平 李桜,李桜,西平,male
吉元 巴,巴,吉元,female
郡山 真白,真白,郡山,female
松本 空,空,松本,male
中村 希心,希心,中村,female
長谷川 秋海,秋海,長谷川,male
大谷 空斗,空斗,大谷,male
上田 和也,和也,上田,male
斎藤 康史郎,康史郎,斎藤,male
林 彩芽,彩芽,林,female
高橋 賢,賢,高橋,male
高橋 大夏,大夏,高橋,male
植村 初,初,植村,female
中川 信織,信織,中川,male
狭間 藤子,藤子,狭間,female
神谷 杏子,杏子,神谷,female
小村 蒼乃子,蒼乃子,小村,female
木村 明日香,明日香,木村,female
清水 晶,晶,清水,female
林 春,春,林,female
西 厚雪,厚雪,西,male
古屋 奏汰,奏汰,古屋,male
木下 康史郎,康史郎,木下,male
森田 冷奈,冷奈,森田,female
佐々木 元,元,佐々木,male
多田 夏海人,夏海人,多田,male
岸 夏一,夏一,岸,male
上川 小夏,小夏,上川,female
高橋 真海,真海,高橋,male
細田 紫織,紫織,細田,female
井上 澄玲,澄玲,井上,female
岡野 秋海,秋海,岡野,male
野口 彩桜葉,彩桜葉,野口,female
金沢 杏子,杏子,金沢,female
大高 空良,空良,大高,male
金子 唯,唯,金子,female
土屋 春雄,春雄,土屋,male
安田 史,史,安田,female
若菜 唯,唯,若菜,female
三井 古都子,古都子,三井,female
福島 夏之,夏之,福島,male
服部 夏乃,夏乃,服部,female
二瓶 満,満,二瓶,female
藤森 杏子,杏子,藤森,female
冨樫 明智,明智,冨樫,male
酒井 栞,栞,酒井,female
溝口 聡,聡,溝口,male
池松 花乃,花乃,池松,female
金子 龍太,龍太,金子,male
関 清春,清春,関,male
牧野 冬斗,冬斗,牧野,male
近藤 春輝,春輝,近藤,male
菅 尊,尊,菅,male
木村 秋登,秋登,木村,male
宮脇 心桜,心桜,宮脇,female
渡辺 秋親,秋親,渡辺,male
森 寧々,寧々,森,female
松本 皐,皐,松本,female
河内 景子,景子,河内,female
金子 冬崇,冬崇,金子,male
内海 陽太,陽太,内海,male
本田 錦,錦,本田,male
中村 奈藤,奈藤,中村,female
岡崎 涼太,涼太,岡崎,male
前田 陽葵,陽葵,前田,female
山口 冷奈,冷奈,山口,female
和田 一颯,一颯,和田,male
大石 涼吾,涼吾,大石,male
笹井 若菜,若菜,笹井,female
日隈 美鈴,美鈴,日隈,female
長沢 冬斗,冬斗,長沢,male
杉田 篤美,篤美,杉田,female
島 賢,賢,島,male
中村 円,円,中村,female
川出 秋貴,秋貴,川出,male
高田 弓実,弓実,高田,female
溝口 颯,颯,溝口,male
早川 尊彦,尊彦,早川,male
森本 秋士朗,秋士朗,森本,male
小笠原 寛祐,寛祐,小笠原,male
林 湊海,湊海,林,female
鳥谷部 飛海,飛海,鳥谷部,male
細川 恭,恭,細川,female
谷口 慶,慶,谷口,male
磯村 香織,香織,磯村,female
中浜 弥衣子,弥衣子,中浜,female
山本 百合,百合,山本,female
東山 冬英,冬英,東山,male
小池 真海,真海,小池,male
田中 咲世,咲世,田中,female
種村 虎飛,虎飛,種村,male
田中 千菜美,千菜美,田中,female
横山 彩,彩,横山,female
大友 芳佳,芳佳,大友,female
菅原 秋貴,秋貴,菅原,male
小堺 織人,織人,小堺,male
中倉 紅梨,紅梨,中倉,female
山村 冷夢,冷夢,山村,female
渡部 白音,白音,渡部,female
青山 修,修,青山,male
清水 凜桜,凜桜,清水,female
小池 日南太,日南太,小池,male
西森 涼吾,涼吾,西森,male
上田 紫織,紫織,上田,female
高橋 菜子,菜子,高橋,female
水越 凛輔,凛輔,水越,male
中山 夏空,夏空,中山,male
伊東 知歌,知歌,伊東,female
松永 奏海,奏海,松永,female
黒田 爽花,爽花,黒田,female
浜松 季心,季心,浜松,female
伊藤 凜桜,凜桜,伊藤,female
大森 尊士,尊士,大森,male
久野 護,護,久野,male
石黒 晶,晶,石黒,female
木下 春,春,木下,female
佐々木 紫苑,紫苑,佐々木,female
武井 実梨,実梨,武井,female
深津 千代,千代,深津,female
二木 明日夏,明日夏,二木,male
服部 千春,千春,服部,male
寺崎 藤子,藤子,寺崎,female
岩本 百合,百合,岩本,female
矢内 颯,颯,矢内,male
鳥居 輝,輝,鳥居,male
本間 晶,晶,本間,female
安達 冴和,冴和,安達,female
桜木 陽子,陽子,桜木,female
荒井 灯花,灯花,荒井,female
金島 涼季,涼季,金島,male
上川 希子,希子,上川,female
安田 春,春,安田,female
川本 豊人,豊人,川本,male
鮫島 友春,友春,鮫島,male
渡辺 夏都,夏都,渡辺,female
中村 青空,青空,中村,male
高野 彩芽,彩芽,高野,female
梶原 秋邦,秋邦,梶原,male
山本 琥大,琥大,山本,male
重藤 雛子,雛子,重藤,female
藤平 藤子,藤子,藤平,female
下地 桃李,桃李,下地,female
藤井 豊清,豊清,藤井,male
加藤 龍人,龍人,加藤,male
沢井 友梨乃,友梨乃,沢井,female
岡村 豊清,豊清,岡村,male
海老原 清春,清春,海老原,male
土方 春太,春太,土方,male
奥村 京子,京子,奥村,female
久保 風季,風季,久保,male
我妻 信二,信二,我妻,male
大川 沙世子,沙世子,大川,female
安部 涼吾,涼吾,安部,male
浜田 勘太,勘太,浜田,male
伊藤 友梨乃,友梨乃,伊藤,female
熊田 知美,知美,熊田,female
小野 春,春,小野,female
鈴木 有澄,有澄,鈴木,female
伊丹 篤美,篤美,伊丹,female
春日 めぐみ,めぐみ,春日,female
三浦 辰巳,辰巳,三浦,female
坂本 新音,新音,坂本,female
粕谷 卯乃葉,卯乃葉,粕谷,female
井上 晴,晴,井上,male
石川 彩有里,彩有里,石川,female
加藤 雅,雅,加藤,male
梅原 冬崇,冬崇,梅原,male
枝川 鈴音,鈴音,枝川,female
大嶋 巳空,巳空,大嶋,male
西野 彩,彩,西野,female
阿部 寛次郎,寛次郎,阿部,male
原田 月実,月実,原田,female
長谷川 空飛,空飛,長谷川,male
橋本 悠人,悠人,橋本,male
塩見 織信,織信,塩見,male
永瀬 実緒,実緒,永瀬,female
加藤 香織,香織,加藤,female
児玉 華美,華美,児玉,female
谷口 花蓮,花蓮,谷口,female
松田 季心,季心,松田,female
小笠原 玲維,玲維,小笠原,female
田仲 龍月,龍月,田仲,male
大谷 青空,青空,大谷,male
佐藤 悠人,悠人,佐藤,male
藤田 和也,和也,藤田,male
八木 冬斗,冬斗,八木,male
中山 仁歌,仁歌,中山,female
中野 昭春,昭春,中野,male
梨本 香奈,香奈,梨本,female
水谷 春,春,水谷,female
山口 天羽,天羽,山口,male
竹花 仁,仁,竹花,male
旭 園子,園子,旭,female
大平 新音,新音,大平,female
縄田 海空,海空,縄田,female
山崎 日和,日和,山崎,male
市田 京子,京子,市田,female
井上 柚季,柚季,井上,female
長谷川 倉之助,倉之助,長谷川,male
富田 春輝,春輝,富田,male
松本 久美,久美,松本,female
清水 紫苑,紫苑,清水,female
田中 睦,睦,田中,female
福田 拓真,拓真,福田,male
森本 奏汰,奏汰,森本,male
逸見 沙蘭,沙蘭,逸見,female
小坂 睦,睦,小坂,female
臼井 歩夢希,歩夢希,臼井,male
朝田 孝次郎,孝次郎,朝田,male
藤澤 夏都,夏都,藤澤,female
竹崎 孝次郎,孝次郎,竹崎,male
吉田 京子,京子,吉田,female
菊池 郁乃,郁乃,菊池,female
村木 海老蔵,海老蔵,村木,male
須田 和雪,和雪,須田,male
辻岡 拓真,拓真,辻岡,male
菅野 咲,咲,菅野,female
古山 夏樹,夏樹,古山,male
岩切 日和,日和,岩切,male
宇井 浩介,浩介,宇井,male
西川 騎士,騎士,西川,male
波多野 龍生,龍生,波多野,male
藤代 有羽季,有羽季,藤代,female
吉田 澄佳,澄佳,吉田,female
古賀 陽葵,陽葵,古賀,female
市原 沙世,沙世,市原,female
川尻 温,温,川尻,male
川北 有桜,有桜,川北,female
木村 柚子,柚子,木村,female
植田 月奈,月奈,植田,female
狩野 椿,椿,狩野,female
岡村 護,護,岡村,male
立花 小次郎,小次郎,立花,male
工藤 若菜,若菜,工藤,female
山崎 帆希,帆希,山崎,female
林 悠人,悠人,林,male
石井 心桜,心桜,石井,female
森 紬,紬,森,female
柴田 皐月,皐月,柴田,female
柳田 有桜,有桜,柳田,female
花谷 勘太,勘太,花谷,male
高山 空和,空和,高山,male
井上 青空,青空,井上,male
西本 仁,仁,西本,male
内田 彩春,彩春,内田,female
久保 護,護,久保,male
柿本 龍彦,龍彦,柿本,male
寺田 柊翔,柊翔,寺田,male
金丸 沙世,沙世,金丸,female
染谷 弥衣子,弥衣子,染谷,female
中村 心桜,心桜,中村,female
藤田 佳乃子,佳乃子,藤田,female
牧原 歩夢希,歩夢希,牧原,male
百瀬 夏夫,夏夫,百瀬,male
本多 龍馬,龍馬,本多,male
大野 美鈴,美鈴,大野,female
村松 慶,慶,村松,male
斎藤 天,天,斎藤,male
中村 啓之助,啓之助,中村,male
青島 寧々,寧々,青島,female
冨永 巴子,巴子,冨永,female
大江 千菜美,千菜美,大江,female
森田 菜々星,菜々星,森田,female
佐藤 知歌,知歌,佐藤,female
廣瀬 爽子,爽子,廣瀬,female
野村 勘太,勘太,野村,male
鈴木 颯,颯,鈴木,male
坂井 千尋,千尋,坂井,female
河本 動,動,河本,male
渡辺 秋成,秋成,渡辺,male
永田 湊,湊,永田,female
照屋 楓,楓,照屋,female
石橋 秋穂,秋穂,石橋,female
田村 花耶,花耶,田村,female
永山 海星,海星,永山,male
佐瀬 巴,巴,佐瀬,female
春名 秋岳,秋岳,春名,male
稲川 陽子,陽子,稲川,female
清水 未由来,未由来,清水,female
矢作 香奈,香奈,矢作,female
奥田 美琴,美琴,奥田,female
佐藤 春俊,春俊,佐藤,male
渡邉 麻衣,麻衣,渡邉,female
橘 律連,律連,橘,female
堀口 奏汰,奏汰,堀口,male
中村 沙月,沙月,中村,female
依田 鈴,鈴,依田,female
川村 徳彦,徳彦,川村,male
府川 透子,透子,府川,female
池上 千早,千早,池上,female
船越 穣士,穣士,船越,male
永原 梗花,梗花,永原,female
南雲 史緒里,史緒里,南雲,female
越智 幸,幸,越智,female
徳武 桜花,桜花,徳武,female
岸本 広紀,広紀,岸本,male
小池 初,初,小池,female
松田 和葉,和葉,松田,female
金丸 拓実,拓実,金丸,male
藤岡 一颯,一颯,藤岡,male
川崎 総士,総士,川崎,male
田中 遥日,遥日,田中,female
前田 春日,春日,前田,female
石黒 和飛,和飛,石黒,male
藤本 幹二郎,幹二郎,藤本,male
松本 和雪,和雪,松本,male
和田 紫織,紫織,和田,female
佐藤 穂澄,穂澄,佐藤,female
渡辺 光,光,渡辺,male
相澤 聖,聖,相澤,male
平泉 千秋,千秋,平泉,female
池下 晶,晶,池下,female
水本 海,海,水本,female
野沢 冬一郎,冬一郎,野沢,male
黒田 大河,大河,黒田,male
今中 萩作,萩作,今中,male
萩原 透子,透子,萩原,female
早川 陽生,陽生,早川,male
加藤 光秀,光秀,加藤,male
宮田 瀧之介,瀧之介,宮田,male
比嘉 舞雪,舞雪,比嘉,female
佐々木 空太,空太,佐々木,male
久保 巴,巴,久保,female
松村 龍,龍,松村,male
東谷 桜,桜,東谷,female
浦山 尊,尊,浦山,male
寺井 蘭華,蘭華,寺井,female
富田 萩作,萩作,富田,male
佐藤 幸,幸,佐藤,female
井上 津由,津由,井上,female
橋爪 灯花,灯花,橋爪,female
福島 穂花,穂花,福島,female
中村 風夏,風夏,中村,female
本郷 月奈,月奈,本郷,female
服部 静香,静香,服部,female
福田 知歌,知歌,福田,female
田中 風夏,風夏,田中,female
林 秋登,秋登,林,male
石井 菊次郎,菊次郎,石井,male
藁科 江莉香,江莉香,藁科,female
福島 月稀乃,月稀乃,福島,female
紅林 有桜,有桜,紅林,female
児玉 孝次郎,孝次郎,児玉,male
酒井 春俊,春俊,酒井,male
原 涼季,涼季,原,male
林 秋三,秋三,林,male
土居 菊次郎,菊次郎,土居,male
勝 伸春,伸春,勝,male
小池 凛太朗,凛太朗,小池,male
中森 海老蔵,海老蔵,中森,male
相沢 空,空,相沢,male
堀内 優斗,優斗,堀内,male
浅川 夕弦,夕弦,浅川,male
鈴木 凜桜,凜桜,鈴木,female
山中 知美,知美,山中,female
沢 星奈,星奈,沢,female
川波 葵,葵,川波,female
檀上 彩,彩,檀上,female
山口 鈴,鈴,山口,female
下川原 冬樹,冬樹,下川原,male
橋本 主冴,主冴,橋本,male
松岡 千沙都,千沙都,松岡,female
森木 凜桜,凜桜,森木,female
山下 尊人,尊人,山下,male
高原 孝次郎,孝次郎,高原,male
富岡 春花,春花,富岡,female
宮本 秋忠,秋忠,宮本,male
南里 虎,虎,南里,male
松田 澄玲,澄玲,松田,female
藤田 空良,空良,藤田,male
原田 琥大,琥大,原田,male
江見 翼空,翼空,江見,male
高津 拓実,拓実,高津,male
津田 涼季,涼季,津田,male
野村 茜,茜,野村,female
中本 月花,月花,中本,female
木林 秋成,秋成,木林,male
高橋 藤子,藤子,高橋,female
渡辺 里海,里海,渡辺,male
市田 果七,果七,市田,female
細野 栞奈,栞奈,細野,female
川名 紗栄子,紗栄子,川名,female
堀越 翔太,翔太,堀越,male
宮原 秋親,秋親,宮原,male
平野 白虎,白虎,平野,male
富岡 はづき,はづき,富岡,female
小田 菊次郎,菊次郎,小田,male
吉沢 穂高,穂高,吉沢,female
酒井 夏空,夏空,酒井,male
宮田 銀河,銀河,宮田,male
竹本 土筆,土筆,竹本,female
桐山 香織,香織,桐山,female
谷口 百華,百華,谷口,female
土屋 太子,太子,土屋,male
奥野 秋穂,秋穂,奥野,female
佐藤 夏明,夏明,佐藤,male
小林 豊人,豊人,小林,male
斉藤 沙季歩,沙季歩,斉藤,female
高安 秋穂,秋穂,高安,female
柿内 貴雄,貴雄,柿内,male
細川 一望,一望,細川,female
原田 広紀,広紀,原田,male
林 実梨,実梨,林,female
小島 涼太,涼太,小島,male
古藤 芳佳,芳佳,古藤,female
成田 実純,実純,成田,male
五十嵐 拓真,拓真,五十嵐,male
古川 春道,春道,古川,male
新田 希生,希生,新田,male
広井 芹加,芹加,広井,female
松崎 大和,大和,松崎,male
松藤 蒼乃子,蒼乃子,松藤,female
長野 蓮華,蓮華,長野,female
生田 大夏,大夏,生田,male
川崎 竜介,竜介,川崎,male
市山 美聖,美聖,市山,female
加藤 茂,茂,加藤,male
佐々木 春海,春海,佐々木,male
山田 笑,笑,山田,female
久保 海星,海星,久保,male
武田 咲,咲,武田,female
荒尾 紳,紳,荒尾,male
高木 龍,龍,高木,male
原田 陽葵,陽葵,原田,female
鳥羽 飛人,飛人,鳥羽,male
大久保 星奈,星奈,大久保,female
藤原 冬崇,冬崇,藤原,male
柏木 冬若華,冬若華,柏木,female
小野寺 亜子,亜子,小野寺,female
庄野 雛乃,雛乃,庄野,female
堀田 有可里,有可里,堀田,female
渡辺 未由来,未由来,渡辺,female
斎藤 透子,透子,斎藤,female
花城 海,海,花城,female
松本 桜,桜,松本,female
芳賀 凪沙,凪沙,芳賀,female
小島 一颯,一颯,小島,male
若林 沙雪,沙雪,若林,female
内山 景依,景依,内山,female
岡 昊,昊,岡,male
北野 護,護,北野,male
角 孝史郎,孝史郎,角,male
東野 瑠夏,瑠夏,東野,female
野村 新介,新介,野村,male
斉藤 冬樹,冬樹,斉藤,male
田中 涼佳,涼佳,田中,female
掛川 鈴音,鈴音,掛川,female
早坂 雅,雅,早坂,male
舘野 土筆,土筆,舘野,female
中村 元気,元気,中村,male
北谷 千風由,千風由,北谷,female
山口 輝,輝,山口,male
川村 芳佳,芳佳,川村,female
木村 月実,月実,木村,female
小林 皐,皐,小林,female
岩崎 心,心,岩崎,male
西条 海,海,西条,male
奧村 初志,初志,奧村,male
新家 加奈子,加奈子,新家,female
持田 若菜,若菜,持田,female
田中 青空,青空,田中,male
浜田 羽太,羽太,浜田,male
渡部 初,初,渡部,female
園部 遥日,遥日,園部,female
永井 桐,桐,永井,female
竹田 岳,岳,竹田,male
堀岡 高空,高空,堀岡,male
小針 藍衣,藍衣,小針,female
吉崎 厚雪,厚雪,吉崎,male
近藤 高空,高空,近藤,male
船津 潮流,潮流,船津,male
高松 梗花,梗花,高松,female
伊藤 鈴音,鈴音,伊藤,female
藤野 飛人,飛人,藤野,male
島原 颯,颯,島原,male
菅 夕弦,夕弦,菅,male
佐藤 雪華,雪華,佐藤,female
奥田 凜桜,凜桜,奥田,female
峰岸 颯,颯,峰岸,male
神原 蒼乃子,蒼乃子,神原,female
平山 沙世,沙世,平山,female
松山 春雄,春雄,松山,male
佐々木 久美,久美,佐々木,female
酒井 初音,初音,酒井,female
藤井 虎羽,虎羽,藤井,male
藤澤 明花音,明花音,藤澤,female
水島 土筆,土筆,水島,female
小野塚 莉津華,莉津華,小野塚,female
徳本 巴子,巴子,徳本,female
片山 実緒,実緒,片山,female
滝口 涼翔,涼翔,滝口,male
大槻 成,成,大槻,female
土田 景子,景子,土田,female
草場 芽衣,芽衣,草場,female
林田 百華,百華,林田,female
田村 初樹,初樹,田村,male
城所 尊,尊,城所,male
佐藤 動,動,佐藤,male
平本 翔,翔,平本,male
森谷 典夫,典夫,森谷,male
沼田 夕弦,夕弦,沼田,male
小野 鞠,鞠,小野,female
松本 聖,聖,松本,male
田中 温英,温英,田中,male
高橋 雄大,雄大,高橋,male
宮崎 楓雅,楓雅,宮崎,male
大川 優斗,優斗,大川,male
角田 冬也,冬也,角田,male
福井 拓海,拓海,福井,male
森 千颯,千颯,森,male
佐藤 凛子,凛子,佐藤,female
林 龍馬,龍馬,林,male
渡辺 夏都,夏都,渡辺,female
加藤 雄大,雄大,加藤,male
中西 白音,白音,中西,female
松山 皐月,皐月,松山,female
宮田 澄玲,澄玲,宮田,female
宇井 唯翔,唯翔,宇井,male
滝口 章介,章介,滝口,male
芝 香奈,香奈,芝,female
小沼 日和,日和,小沼,female
嶋田 羽太,羽太,嶋田,male
林 千春,千春,林,female
小野 凛子,凛子,小野,female
三好 葵,葵,三好,female
松本 莉津華,莉津華,松本,female
鈴木 若菜,若菜,鈴木,female
桜井 昭雄,昭雄,桜井,male
三木 花耶,花耶,三木,female
三浦 大祈,大祈,三浦,male
岸 貴雄,貴雄,岸,male
福島 青空,青空,福島,male
大曾根 智,智,大曾根,male
水野 空斗,空斗,水野,male
岩本 幸,幸,岩本,female
大橋 大夏,大夏,大橋,male
川崎 賢人,賢人,川崎,male
佐々木 風季,風季,佐々木,male
越智 篤美,篤美,越智,female
中山 龍太,龍太,中山,male
半澤 涼太,涼太,半澤,male
牛山 桜雅,桜雅,牛山,male
西口 蘭,蘭,西口,female
森下 有澄,有澄,森下,female
榎本 古都子,古都子,榎本,female
成井 桜,桜,成井,female
野尻 蔵之助,蔵之助,野尻,male
大串 律連,律連,大串,female
平野 青空,青空,平野,male
小又 夕凪,夕凪,小又,female
伊藤 高貴,高貴,伊藤,male
黒石 笑,笑,黒石,female
平川 文美,文美,平川,female
佐藤 爽花,爽花,佐藤,female
脇田 青空,青空,脇田,male
今村 史緒里,史緒里,今村,female
加藤 空和,空和,加藤,male
宮澤 梗花,梗花,宮澤,female
山根 銀河,銀河,山根,male
高橋 明,明,高橋,male
桑原 優斗,優斗,桑原,male
中島 秋登,秋登,中島,male
高山 織,織,高山,female
和泉 夏空,夏空,和泉,male
永井 天羽,天羽,永井,male
田辺 尊彦,尊彦,田辺,male
堀尾 かすみ,かすみ,堀尾,female
坪根 桜,桜,坪根,female
高橋 雪菜,雪菜,高橋,female
井ノ上 陽葵,陽葵,井ノ上,female
広岡 豊人,豊人,広岡,male
管 李桜,李桜,管,male
若山 爽子,爽子,若山,female
谷中 優気,優気,谷中,male
曽我 龍馬,龍馬,曽我,male
宮脇 名樹,名樹,宮脇,male
大田 啓之助,啓之助,大田,male
岩井 めぐみ,めぐみ,岩井,female
東 春一,春一,東,male
工藤 忠雪,忠雪,工藤,male
松本 夏樹,夏樹,松本,male
小林 咲,咲,小林,female
多田 雛子,雛子,多田,female
藤江 温英,温英,藤江,male
中西 尊,尊,中西,male
河村 初樹,初樹,河村,male
池田 杏,杏,池田,female
高橋 士彦,士彦,高橋,male
長谷川 史,史,長谷川,female
後藤 秋里,秋里,後藤,male
稲葉 秋邦,秋邦,稲葉,male
荒巻 卯月,卯月,荒巻,female
西牟田 慶二郎,慶二郎,西牟田,male
高橋 尊,尊,高橋,male
太田 景依,景依,太田,female
高田 朱美玲,朱美玲,高田,female
戸田 穂風,穂風,戸田,male
折原 仁,仁,折原,male
森 雪菜,雪菜,森,female
長谷川 文美,文美,長谷川,female
小原 夏空,夏空,小原,male
藤原 かすみ,かすみ,藤原,female
桜井 明花音,明花音,桜井,female
立山 日和,日和,立山,male
山本 大雅,大雅,山本,male
岩本 日登,日登,岩本,male
佐野 佳乃子,佳乃子,佐野,female
東 栞奈,栞奈,東,female
岡部 源,源,岡部,male
中野 良羽,良羽,中野,male
寺田 蒼乃子,蒼乃子,寺田,female
山下 夏蓮,夏蓮,山下,female
竹野 冬華,冬華,竹野,female
矢澤 海,海,矢澤,female
浅野 虎羽,虎羽,浅野,male
佐藤 動,動,佐藤,male
宮内 辰巳,辰巳,宮内,female
森川 冷奈,冷奈,森川,female
中里 心,心,中里,male
金城 和,和,金城,female
小長谷 大夏,大夏,小長谷,male
市原 尊,尊,市原,male
山城 武玄,武玄,山城,male
八木 有桜,有桜,八木,female
水谷 光,光,水谷,male
矢部 史乃,史乃,矢部,female
大西 星奈,星奈,大西,female
江口 銀河,銀河,江口,male
五味 久美,久美,五味,female
小路 海音,海音,小路,female
妹尾 織,織,妹尾,female
川口 空希,空希,川口,male
薮下 龍生,龍生,薮下,male
山本 正和,正和,山本,male
勝村 要,要,勝村,female
中野 藍,藍,中野,female
森 千秋,千秋,森,female
井上 弥,弥,井上,male
前原 沙季歩,沙季歩,前原,female
山本 歩夢希,歩夢希,山本,male
片岡 海星,海星,片岡,male
広川 丈,丈,広川,male
梅崎 名樹,名樹,梅崎,male
川瀬 雛乃,雛乃,川瀬,female
前川 翼,翼,前川,female
小山 彩芽,彩芽,小山,female
立松 海美,海美,立松,female
熊谷 咲,咲,熊谷,female
石井 拓海,拓海,石井,male
名和 伊万里,伊万里,名和,female
角野 菜子,菜子,角野,female
田中 桃李,桃李,田中,female
松本 菊次郎,菊次郎,松本,male
鈴木 大雅,大雅,鈴木,male
三浦 翔,翔,三浦,male
小高 佳代,佳代,小高,female
河野 秋岳,秋岳,河野,male
宮里 海凪,海凪,宮里,female
楠田 作二郎,作二郎,楠田,male
井上 夏海人,夏海人,井上,male
山本 伊万里,伊万里,山本,female
臼井 春日,春日,臼井,female
斉藤 海音,海音,斉藤,female
清永 梨花,梨花,清永,female
山田 光秀,光秀,山田,male
浅見 梨花,梨花,浅見,female
佐藤 咲世,咲世,佐藤,female
都筑 雅楽,雅楽,都筑,male
山下 大空,大空,山下,male
遠藤 春昴,春昴,遠藤,male
佐々木 輝,輝,佐々木,male
吉永 湊海,湊海,吉永,male
大石 忠雪,忠雪,大石,male
江崎 想希,想希,江崎,male
若林 麻衣,麻衣,若林,female
福田 菊次郎,菊次郎,福田,male
斉藤 遥夏,遥夏,斉藤,male
中村 藍佳,藍佳,中村,female
宮下 要,要,宮下,male
岩崎 秋継,秋継,岩崎,male
佐久間 尊,尊,佐久間,male
今田 沙蘭,沙蘭,今田,female
大竹 玲男,玲男,大竹,male
三村 海老蔵,海老蔵,三村,male
佐藤 夏明,夏明,佐藤,male
秦 千春,千春,秦,female
村田 冴和,冴和,村田,female
辻村 亜子,亜子,辻村,female
佐藤 千沙都,千沙都,佐藤,female
宗像 紀子,紀子,宗像,female
三輪 月陽,月陽,三輪,female
木村 秋親,秋親,木村,male
長崎 輝冬,輝冬,長崎,male
金谷 竜馬,竜馬,金谷,male
小松 啓志,啓志,小松,male
岡村 明日菜,明日菜,岡村,female
山田 秋忠,秋忠,山田,male
石田 悠空,悠空,石田,male
加藤 厚雪,厚雪,加藤,male
山本 正稀,正稀,山本,male
渡辺 希子,希子,渡辺,female
前田 文奈,文奈,前田,female
緒方 和葉,和葉,緒方,female
五嶋 海凪,海凪,五嶋,female
池本 秋雪,秋雪,池本,male
清水 竜飛,竜飛,清水,male
志村 湊海,湊海,志村,female
山中 織人,織人,山中,male
山崎 倉之助,倉之助,山崎,male
五十嵐 初志,初志,五十嵐,male
小村 小夏,小夏,小村,female
安形 春輝,春輝,安形,male
酒井 和夫,和夫,酒井,male
杉崎 澄辰,澄辰,杉崎,male
坂井 飛人,飛人,坂井,male
安藤 美聖,美聖,安藤,female
望月 春芽,春芽,望月,female
半田 結,結,半田,male
立花 龍之介,龍之介,立花,male
堀江 京子,京子,堀江,female
門脇 錦,錦,門脇,male
斉藤 章介,章介,斉藤,male
小林 凛,凛,小林,female
沢木 桜花,桜花,沢木,female
服部 穂花,穂花,服部,female
辻井 鞠,鞠,辻井,female
小野 蒼佑,蒼佑,小野,male
畠山 凜桜,凜桜,畠山,female
坂本 凛子,凛子,坂本,female
押野 雪菜,雪菜,押野,female
野田 冬崇,冬崇,野田,male
大橋 ゆき,ゆき,大橋,female
清家 成生,成生,清家,male
小林 星奈,星奈,小林,female
村松 律連,律連,村松,female
橋本 名樹,名樹,橋本,male
高橋 千春,千春,高橋,female
山本 淳,淳,山本,male
八木 史男,史男,八木,male
今井 颯,颯,今井,male
後藤 柚子,柚子,後藤,female
小倉 成生,成生,小倉,male
水野 力,力,水野,male
大塚 飛海,飛海,大塚,male
阿部 和葉,和葉,阿部,female
外山 咲花,咲花,外山,female
斎藤 征史郎,征史郎,斎藤,male
日下部 美鈴,美鈴,日下部,female
伊藤 柊月,柊月,伊藤,female
古田 華美,華美,古田,female
高橋 鈴,鈴,高橋,female
杉浦 果七,果七,杉浦,female
持田 蒼佑,蒼佑,持田,male
石井 海音,海音,石井,female
山根 飛海,飛海,山根,male
熊谷 希生,希生,熊谷,male
与儀 士彦,士彦,与儀,male
児玉 龍,龍,児玉,male
原田 輝冬,輝冬,原田,male
本村 信生,信生,本村,male
松吉 舞雪,舞雪,松吉,female
川村 真海,真海,川村,male
金子 小雪,小雪,金子,female
鈴木 温,温,鈴木,male
吉岡 竜馬,竜馬,吉岡,male
宇都 寧々,寧々,宇都,female
藤林 文,文,藤林,female
野田 冬英,冬英,野田,male
岩本 騎士,騎士,岩本,male
高野 晶,晶,高野,female
千葉 楓,楓,千葉,female
竹内 実梨,実梨,竹内,female
中村 清春,清春,中村,male
中田 蘭,蘭,中田,female
小林 千代,千代,小林,female
佐藤 織人,織人,佐藤,male
武田 織,織,武田,female
杉本 栞奈,栞奈,杉本,female
羽田 秋央,秋央,羽田,male
土橋 雪華,雪華,土橋,female
板井 秀,秀,板井,male
高木 影来,影来,高木,male
長野 涼翔,涼翔,長野,male
近藤 飛,飛,近藤,male
岡 典夫,典夫,岡,male
松原 卯乃葉,卯乃葉,松原,female
植竹 希子,希子,植竹,female
渡部 影来,影来,渡部,male
五十嵐 元気,元気,五十嵐,male
横井 柊翔,柊翔,横井,male
前沢 結,結,前沢,male
福本 夏夫,夏夫,福本,male
高山 陽宇,陽宇,高山,female
黒田 春俊,春俊,黒田,male
藤原 楓,楓,藤原,female
福原 雪華,雪華,福原,female
松原 和也,和也,松原,male
鈴木 公太郎,公太郎,鈴木,male
黒石 結,結,黒石,male
斎藤 実緒,実緒,斎藤,female
遠藤 花乃,花乃,遠藤,female
江原 冬也,冬也,江原,male
吉田 夏太,夏太,吉田,male
中川 月花,月花,中川,female
長尾 皐,皐,長尾,female
小長井 遥夏,遥夏,小長井,male
小林 温,温,小林,male
松原 明羽,明羽,松原,male
木村 春一,春一,木村,male
五島 秋三,秋三,五島,male
石森 青空,青空,石森,male
竹内 倉之助,倉之助,竹内,male
越山 龍太,龍太,越山,male
今 明日菜,明日菜,今,female
杉本 花奈,花奈,杉本,female
稲葉 萩作,萩作,稲葉,male
関口 秋成,秋成,関口,male
中瀬 夏乃,夏乃,中瀬,female
久保 信生,信生,久保,male
吉田 空晴,空晴,吉田,male
上谷 寛祐,寛祐,上谷,male
大西 椋子,椋子,大西,female
宮本 澪,澪,宮本,female
竹下 雅己,雅己,竹下,male
千葉 雅己,雅己,千葉,male
大門 文,文,大門,female
篠原 涼翔,涼翔,篠原,male
古川 帆希,帆希,古川,female
山田 梨花,梨花,山田,female
富安 稜介,稜介,富安,male
清水 翼,翼,清水,female
高本 円,円,高本,female
鈴木 紬,紬,鈴木,female
坂上 空,空,坂上,male
井上 月実,月実,井上,female
高橋 海凪,海凪,高橋,female
白木 一尊,一尊,白木,male
吉川 影来,影来,吉川,male
赤羽根 夕弦,夕弦,赤羽根,male
山本 文奈,文奈,山本,female
山崎 唯翔,唯翔,山崎,male
佐藤 琴乃,琴乃,佐藤,female
青柳 護,護,青柳,male
桜庭 初志,初志,桜庭,male
杉原 市華,市華,杉原,female
瀧澤 晶,晶,瀧澤,female
矢野 唯翔,唯翔,矢野,male
高橋 爽子,爽子,高橋,female
森本 大祈,大祈,森本,male
森川 動,動,森川,male
市川 紅葉,紅葉,市川,female
竹下 冬英,冬英,竹下,male
吉原 葵,葵,吉原,female
山中 月花,月花,山中,female
三苫 亜子,亜子,三苫,female
中村 海人,海人,中村,male
森下 蓮華,蓮華,森下,female
森 夏明,夏明,森,male
宇賀神 佳代,佳代,宇賀神,female
川尻 蘭華,蘭華,川尻,female
平賀 玲男,玲男,平賀,male
石原 夏都,夏都,石原,female
桧垣 冬仁,冬仁,桧垣,male
土屋 香奈,香奈,土屋,female
加藤 冬華,冬華,加藤,female
佐多 大空,大空,佐多,male
亀井 新音,新音,亀井,female
保坂 月奈,月奈,保坂,female
森本 明花音,明花音,森本,female
高岡 心桜,心桜,高岡,female
瀬戸 寧々,寧々,瀬戸,female
志田 奈緒美,奈緒美,志田,female
草刈 有澄,有澄,草刈,female
大島 要,要,大島,male
飯塚 影来,影来,飯塚,male
園田 史乃,史乃,園田,female
若菜 作二郎,作二郎,若菜,male
山田 和佳,和佳,山田,female
小林 菊之輔,菊之輔,小林,male
西野 龍彦,龍彦,西野,male
青木 信,信,青木,male
佐藤 舞雪,舞雪,佐藤,female
藤原 有羽季,有羽季,藤原,female
町田 華乃美,華乃美,町田,female
鈴木 凛,凛,鈴木,female
栃原 花陽,花陽,栃原,female
姫野 総士,総士,姫野,male
植村 光,光,植村,male
松石 隆春,隆春,松石,male
南 陽太,陽太,南,male
下村 静香,静香,下村,female
八木 実純,実純,八木,male
春日 湊海,湊海,春日,male
渡辺 卯月,卯月,渡辺,female
齊藤 七加,七加,齊藤,female
白井 琴乃,琴乃,白井,female
那須 優気,優気,那須,male
児玉 玲維,玲維,児玉,female
尾島 竜馬,竜馬,尾島,male
小林 秋央,秋央,小林,male
吉田 仁,仁,吉田,male
山内 夏樹,夏樹,山内,male
永井 康史郎,康史郎,永井,male
庄司 楓佳,楓佳,庄司,female
長峰 澄佳,澄佳,長峰,female
林 拓海,拓海,林,male
末松 奏汰,奏汰,末松,male
片山 青空,青空,片山,male
松村 百,百,松村,female
渡部 光矢,光矢,渡部,male
佐藤 唯,唯,佐藤,female
新川 空悟,空悟,新川,male
高橋 龍,龍,高橋,male
池上 啓之助,啓之助,池上,male
横川 大祈,大祈,横川,male
福島 冴和,冴和,福島,female
中里 空斗,空斗,中里,male
山田 栞菜,栞菜,山田,female
森田 楓乃,楓乃,森田,female
戸澤 拓海,拓海,戸澤,male
斎藤 竜介,竜介,斎藤,male
渡辺 爽子,爽子,渡辺,female
山崎 葵咲,葵咲,山崎,female
緒方 文奈,文奈,緒方,female
渡辺 高昊,高昊,渡辺,male
小山 有澄,有澄,小山,female
吉田 翔希,翔希,吉田,male
中 龍馬,龍馬,中,male
小川 百合,百合,小川,female
上野 澄佳,澄佳,上野,female
秋山 遥夏,遥夏,秋山,male
石井 冬若華,冬若華,石井,female
田中 尊士,尊士,田中,male
金谷 夏都,夏都,金谷,female
市野 和夫,和夫,市野,male
川端 椿,椿,川端,female
相澤 弥子,弥子,相澤,female
中野 清春,清春,中野,male
三角 春,春,三角,female
山口 梓咲,梓咲,山口,female
土屋 穣士,穣士,土屋,male
藤原 美琴,美琴,藤原,female
谷内 海人,海人,谷内,male
藤本 蓮華,蓮華,藤本,female
千葉 麻姫,麻姫,千葉,female
藤井 冬樹,冬樹,藤井,male
下川 光,光,下川,male
田中 士,士,田中,male
鈴木 満,満,鈴木,female
伊藤 夏之,夏之,伊藤,male
芦田 雅己,雅己,芦田,male
矢野 栞菜,栞菜,矢野,female
上田 輝冬,輝冬,上田,male
中村 羽太,羽太,中村,male
杉浦 蒼士,蒼士,杉浦,male
堀江 冷奈,冷奈,堀江,female
岡部 栞,栞,岡部,female
工藤 飛海,飛海,工藤,male
白石 柊伍,柊伍,白石,male
後藤 千颯,千颯,後藤,male
出口 冴希,冴希,出口,male
丹羽 妃梨,妃梨,丹羽,female
新井 柚季,柚季,新井,female
岡田 銀河,銀河,岡田,male
高木 知歌,知歌,高木,female
豊田 高空,高空,豊田,male
中村 春輝,春輝,中村,male
伊東 巳空,巳空,伊東,male
高良 倉之助,倉之助,高良,male
柴田 紗栄子,紗栄子,柴田,female
庄野 日和,日和,庄野,male
山本 希子,希子,山本,female
田中 和佳,和佳,田中,female
荒川 真琴,真琴,荒川,female
土屋 夏夫,夏夫,土屋,male
落合 陽介,陽介,落合,male
神野 妃梨,妃梨,神野,female
川口 啓之助,啓之助,川口,male
小倉 厚雪,厚雪,小倉,male
白根 巴江,巴江,白根,female
小田 夕弦,夕弦,小田,male
曽根 凪沙,凪沙,曽根,female
小阪 文,文,小阪,female
伊藤 一華,一華,伊藤,female
田中 京士郎,京士郎,田中,male
大橋 夏乃,夏乃,大橋,female
早水 和音,和音,早水,female
松井 景,景,松井,female
池谷 希心,希心,池谷,female
青木 はづき,はづき,青木,female
砂川 結,結,砂川,male
小宮 啓志,啓志,小宮,male
佐藤 千風由,千風由,佐藤,female
森田 颯,颯,森田,male
佐野 文,文,佐野,female
関谷 指揮,指揮,関谷,male
高橋 冬仁,冬仁,高橋,male
宮本 賢,賢,宮本,male
田中 鈴,鈴,田中,female
高橋 健斗,健斗,高橋,male
橋田 光喜,光喜,橋田,male
松本 皐,皐,松本,female
大矢 穂風,穂風,大矢,male
八木橋 千尋,千尋,八木橋,female
渡辺 仁歌,仁歌,渡辺,female
中村 和人,和人,中村,male
松元 秋央,秋央,松元,male
高橋 初音,初音,高橋,female
安井 尊彦,尊彦,安井,male
高津 紫織,紫織,高津,female
尾崎 成冬,成冬,尾崎,male
大村 康史郎,康史郎,大村,male
小沢 初,初,小沢,female
鈴木 和飛,和飛,鈴木,male
神山 萩作,萩作,神山,male
前原 初志,初志,前原,male
和田 柚子,柚子,和田,female
三橋 潮流,潮流,三橋,male
山村 彩芽,彩芽,山村,female
服部 麻姫,麻姫,服部,female
日高 春花,春花,日高,female
斉藤 清香,清香,斉藤,female
千賀 明日香,明日香,千賀,female
馬渕 亜子,亜子,馬渕,female
内田 蔵之介,蔵之介,内田,male
伊藤 巳空,巳空,伊藤,male
有馬 雅楽,雅楽,有馬,male
中山 初志,初志,中山,male
中 椋子,椋子,中,female
佐々木 空晴,空晴,佐々木,male
斎藤 春日,春日,斎藤,female
望月 翔太,翔太,望月,male
小野田 日登,日登,小野田,male
山本 涼太,涼太,山本,male
小沢 蒼乃子,蒼乃子,小沢,female
桂田 賢人,賢人,桂田,male
小玉 飛海,飛海,小玉,male
森田 栞菜,栞菜,森田,female
松岡 隆春,隆春,松岡,male
嵐 春輝,春輝,嵐,male
吉田 秋海,秋海,吉田,male
小沢 湊海,湊海,小沢,female
藪田 成,成,藪田,female
中島 茜珠羽,茜珠羽,中島,female
安藤 和,和,安藤,female
長尾 空晴,空晴,長尾,male
鈴木 蒼羽,蒼羽,鈴木,male
佐々木 航海,航海,佐々木,male
小林 成生,成生,小林,male
井尻 和葉,和葉,井尻,female
河野 明羽,明羽,河野,male
関 弥生,弥生,関,female
大野 龍月,龍月,大野,male
前野 成,成,前野,female
吉崎 花奈,花奈,吉崎,female
渡辺 沙衣花,沙衣花,渡辺,female
渡辺 颯,颯,渡辺,male
平木 冴,冴,平木,female
坪井 夏之,夏之,坪井,male
岡田 月花,月花,岡田,female
秀島 葵咲,葵咲,秀島,female
森 櫂聖,櫂聖,森,male
長屋 冬己,冬己,長屋,male
富岡 総士,総士,富岡,male
坂口 薫,薫,坂口,male
大橋 虎,虎,大橋,male
阿部 慶二郎,慶二郎,阿部,male
深谷 蒼羽,蒼羽,深谷,male
伊藤 大雅,大雅,伊藤,male
森 星奈,星奈,森,female
菊地 知歌,知歌,菊地,female
遠藤 空斗,空斗,遠藤,male
鴨川 龍彦,龍彦,鴨川,male
池田 輝,輝,池田,male
島田 笑,笑,島田,female
渡辺 初樹,初樹,渡辺,male
菊池 遥日,遥日,菊池,female
川瀬 昊,昊,川瀬,male
舘野 悠空,悠空,舘野,male
福住 有桜,有桜,福住,female
岩田 冬斗,冬斗,岩田,male
山本 梗花,梗花,山本,female
高橋 冷夢,冷夢,高橋,female
杉村 海星,海星,杉村,male
森田 蒼生,蒼生,森田,male
舘 勇士,勇士,舘,male
金子 匠,匠,金子,male
西田 勇士,勇士,西田,male
井上 雅,雅,井上,male
五味 桜,桜,五味,female
力武 翔太,翔太,力武,male
田中 百合,百合,田中,female
木村 楓,楓,木村,female
山本 栞,栞,山本,female
鈴木 章介,章介,鈴木,male
村木 篤美,篤美,村木,female
織田 結,結,織田,male
上田 芽衣,芽衣,上田,female
松村 雅楽,雅楽,松村,male
大庭 大雅,大雅,大庭,male
光田 晴,晴,光田,male
早崎 風澄,風澄,早崎,female
加藤 彩有里,彩有里,加藤,female
川元 天,天,川元,male
佐藤 史緒里,史緒里,佐藤,female
神尾 百,百,神尾,female
岡部 春輝,春輝,岡部,male
米田 雛乃,雛乃,米田,female
渡部 銀河,銀河,渡部,male
工藤 晴,晴,工藤,male
原田 楓雅,楓雅,原田,male
田岡 幸,幸,田岡,female
森田 沙世,沙世,森田,female
松本 冬己,冬己,松本,male
黒瀬 昴,昴,黒瀬,male
玉城 柊咲,柊咲,玉城,female
岡本 歩夢希,歩夢希,岡本,male
前田 州稀,州稀,前田,male
麻田 莉子,莉子,麻田,female
平野 飛海,飛海,平野,male
永田 友春,友春,永田,male
宇賀神 凪沙,凪沙,宇賀神,female
菊池 空明,空明,菊池,male
長谷川 大和,大和,長谷川,male
青木 篤美,篤美,青木,female
高橋 楓,楓,高橋,female
今井 明日夏,明日夏,今井,male
菅原 皐月,皐月,菅原,female
深沢 芽衣,芽衣,深沢,female
山本 翼空,翼空,山本,male
島袋 佳代,佳代,島袋,female
須崎 秋里,秋里,須崎,male
遠山 龍,龍,遠山,male
坂下 凛太朗,凛太朗,坂下,male
堀田 はづき,はづき,堀田,female
下平 翔太,翔太,下平,male
平野 土筆,土筆,平野,female
長 郁乃,郁乃,長,female
水嶋 空和,空和,水嶋,male
豊田 尊人,尊人,豊田,male
安達 芹加,芹加,安達,female
松尾 文奈,文奈,松尾,female
堀口 和夫,和夫,堀口,male
柴田 秋桜,秋桜,柴田,female
森井 妃梨,妃梨,森井,female
大森 颯,颯,大森,male
小林 円,円,小林,female
木村 優雅,優雅,木村,male
玉置 海,海,玉置,male
坂本 翔希,翔希,坂本,male
井上 縁,縁,井上,female
佐々木 奈緒美,奈緒美,佐々木,female
藤野 元,元,藤野,male
芦沢 尊彦,尊彦,芦沢,male
山下 和夫,和夫,山下,male
岩尾 凛輔,凛輔,岩尾,male
酒井 騎士,騎士,酒井,male
福田 冬英,冬英,福田,male
藤田 慶二郎,慶二郎,藤田,male
福田 千代,千代,福田,female
保田 空太,空太,保田,male
石井 太子,太子,石井,male
岡村 葵咲,葵咲,岡村,female
中島 秋継,秋継,中島,male
鈴木 玲丞,玲丞,鈴木,male
湯浅 大祈,大祈,湯浅,male
五十嵐 千春,千春,五十嵐,female
大津 玲男,玲男,大津,male
樋上 知歌,知歌,樋上,female
宮田 信織,信織,宮田,male
石橋 小雪,小雪,石橋,female
岡橋 拓海,拓海,岡橋,male
泉 芳佳,芳佳,泉,female
渡辺 冬仁,冬仁,渡辺,male
森本 亜子,亜子,森本,female
桜井 華美,華美,桜井,female
関 桜子,桜子,関,female
前田 夏海人,夏海人,前田,male
池田 雪華,雪華,池田,female
樋渡 茜珠羽,茜珠羽,樋渡,female
岡山 沙蘭,沙蘭,岡山,female
森口 桜雅,桜雅,森口,male
佐藤 光秀,光秀,佐藤,male
峰村 啓志,啓志,峰村,male
内田 咲花,咲花,内田,female
武村 撫子,撫子,武村,female
磯村 湊,湊,磯村,female
北林 雅楽,雅楽,北林,male
佐藤 空太,空太,佐藤,male
丹羽 小次郎,小次郎,丹羽,male
高橋 高昊,高昊,高橋,male
高木 涼太,涼太,高木,male
樋口 州稀,州稀,樋口,male
原 秋忠,秋忠,原,male
飯塚 弥生,弥生,飯塚,female
青木 雪華,雪華,青木,female
山口 京子,京子,山口,female
金光 睦月,睦月,金光,female
土屋 新音,新音,土屋,female
中田 ゆき,ゆき,中田,female
古賀 秋桜,秋桜,古賀,female
大島 拓真,拓真,大島,male
三輪 秋親,秋親,三輪,male
戸塚 麻姫,麻姫,戸塚,female
秋元 彩桜葉,彩桜葉,秋元,female
土井 ゆき,ゆき,土井,female
上岡 銀河,銀河,上岡,male
小原 篤美,篤美,小原,female
今井 悠飛,悠飛,今井,male
佐藤 春絵,春絵,佐藤,female
林 乙葉,乙葉,林,female
森 澄辰,澄辰,森,male
木山 忍乃,忍乃,木山,female
長島 夏空,夏空,長島,male
大迫 透子,透子,大迫,female
小畑 和人,和人,小畑,male
緑川 史緒里,史緒里,緑川,female
武村 花乃,花乃,武村,female
阿部 千菜美,千菜美,阿部,female
月岡 秋親,秋親,月岡,male
林 芹加,芹加,林,female
関口 莉子,莉子,関口,female
杉田 蓮華,蓮華,杉田,female
植本 沙季歩,沙季歩,植本,female
磯崎 澄辰,澄辰,磯崎,male
泉 柚季,柚季,泉,female
花本 翔,翔,花本,male
大津 伸春,伸春,大津,male
徳竹 史男,史男,徳竹,male
磯 春日,春日,磯,female
木村 温,温,木村,male
山下 凛子,凛子,山下,female
北村 和葉,和葉,北村,female
永井 風夏,風夏,永井,female
高石 李桜,李桜,高石,male
北野 忠雪,忠雪,北野,male
中田 源,源,中田,male
福岡 信,信,福岡,male
川島 雅己,雅己,川島,male
酒井 透子,透子,酒井,female
新井 徳彦,徳彦,新井,male
唐沢 主冴,主冴,唐沢,male
松下 初,初,松下,female
田中 咲耶,咲耶,田中,female
岡本 和,和,岡本,female
清水 春日,春日,清水,female
諏訪 秋貴,秋貴,諏訪,male
雨宮 龍,龍,雨宮,male
佐藤 郁乃,郁乃,佐藤,female
木村 白音,白音,木村,female
細川 文美,文美,細川,female
西澤 岳,岳,西澤,male
日吉 虎飛,虎飛,日吉,male
松田 冷夢,冷夢,松田,female
山崎 彩芽,彩芽,山崎,female
八木 凪沙,凪沙,八木,female
村松 啓志,啓志,村松,male
小野 帆希,帆希,小野,female
永井 小雪,小雪,永井,female
高畑 莉子,莉子,高畑,female
伊藤 沙季歩,沙季歩,伊藤,female
市川 雪華,雪華,市川,female
榊原 悠空,悠空,榊原,male
井上 葵羽,葵羽,井上,female
桶谷 夏蓮,夏蓮,桶谷,female
関谷 夏空,夏空,関谷,male
岸本 大和,大和,岸本,male
桜井 京子,京子,桜井,female
塚本 涼吾,涼吾,塚本,male
鈴木 澄秋,澄秋,鈴木,male
西村 小雪,小雪,西村,female
小林 茜珠羽,茜珠羽,小林,female
松澤 星奈,星奈,松澤,female
浜野 翔,翔,浜野,male
中村 桐,桐,中村,female
藤原 秀,秀,藤原,male
茂木 力,力,茂木,male
大島 鞠,鞠,大島,female
田中 藍佳,藍佳,田中,female
古屋 仁歌,仁歌,古屋,female
佐藤 夏乃,夏乃,佐藤,female
田丸 咲耶,咲耶,田丸,female
田上 成生,成生,田上,male
大久保 芽衣,芽衣,大久保,female
春田 龍月,龍月,春田,male
小野 章介,章介,小野,male
井坂 沙蘭,沙蘭,井坂,female
藤沢 玄稀,玄稀,藤沢,male
岩? 清香,清香,岩?,female
菅野 慶,慶,菅野,male
山口 天羽,天羽,山口,male
大槻 白音,白音,大槻,female
石上 泰佐,泰佐,石上,male
山本 冬斗,冬斗,山本,male
原田 冴,冴,原田,female
宮澤 彩春,彩春,宮澤,female
桜井 古都子,古都子,桜井,female
岸本 凛太朗,凛太朗,岸本,male
荻原 小次郎,小次郎,荻原,male
水野 成冬,成冬,水野,male
斎藤 棗芽,棗芽,斎藤,female
西村 睦,睦,西村,female
川崎 舞雪,舞雪,川崎,female
脇 陽子,陽子,脇,female
浦田 指揮,指揮,浦田,male
塩田 咲花,咲花,塩田,female
井原 和雪,和雪,井原,male
吉田 秋邦,秋邦,吉田,male
馬場 丈,丈,馬場,male
関谷 秋成,秋成,関谷,male
木原 春,春,木原,female
後藤 沙衣花,沙衣花,後藤,female
清水 柊咲,柊咲,清水,female
元田 銀河,銀河,元田,male
吉沢 友梨乃,友梨乃,吉沢,female
山口 咲久耶,咲久耶,山口,female
宮代 夏夫,夏夫,宮代,male
竹林 千代乃,千代乃,竹林,female
堤 菊之輔,菊之輔,堤,male
藤井 温,温,藤井,male
小倉 有澄,有澄,小倉,female
大前 飛,飛,大前,male
藤田 海音,海音,藤田,female
市村 凜桜,凜桜,市村,female
渡辺 薫,薫,渡辺,male
山下 文,文,山下,female
松澤 冬雪,冬雪,松澤,male
佐藤 彩春,彩春,佐藤,female
野田 湊海,湊海,野田,male
山口 憲,憲,山口,male
安田 士彦,士彦,安田,male
安部 慶二郎,慶二郎,安部,male
小林 友春,友春,小林,male
大竹 紬,紬,大竹,female
金子 弓実,弓実,金子,female
山田 天羽,天羽,山田,male
川崎 秋海,秋海,川崎,male
石川 孝次郎,孝次郎,石川,male
樋川 結,結,樋川,male
小林 夏海人,夏海人,小林,male
大塚 葵,葵,大塚,female
清水 雛子,雛子,清水,female
米山 千秋,千秋,米山,female
阿部 月彦,月彦,阿部,male
西村 芹加,芹加,西村,female
片桐 秋親,秋親,片桐,male
芝田 菜々星,菜々星,芝田,female
堀内 秋紀,秋紀,堀内,male
神垣 公太郎,公太郎,神垣,male
永島 潮流,潮流,永島,male
山本 加奈子,加奈子,山本,female
杉山 清之助,清之助,杉山,male
大西 太輔,太輔,大西,male
菅 小都,小都,菅,female
仲本 翔,翔,仲本,male
宮村 夏一,夏一,宮村,male
澤田 匠,匠,澤田,male
勝又 虎飛,虎飛,勝又,male
三浦 空色,空色,三浦,male
松坂 遥夏,遥夏,松坂,male
有馬 幸,幸,有馬,female
大垣 沙蘭,沙蘭,大垣,female
両角 千尋,千尋,両角,female
藤江 咲耶,咲耶,藤江,female
村上 桜子,桜子,村上,female
香取 春昴,春昴,香取,male
山本 菜子,菜子,山本,female
後藤 織人,織人,後藤,male
山崎 貴雄,貴雄,山崎,male
長谷川 柚季,柚季,長谷川,female
長倉 海,海,長倉,male
石田 千代子,千代子,石田,female
松本 遥日,遥日,松本,female
遠藤 美聖,美聖,遠藤,female
長谷川 撫子,撫子,長谷川,female
深谷 湊海,湊海,深谷,female
竹内 衣吹季,衣吹季,竹内,male
岡野 和夫,和夫,岡野,male
木村 和,和,木村,female
橋本 朱美玲,朱美玲,橋本,female
木戸 初樹,初樹,木戸,male
栗原 史男,史男,栗原,male
滝本 輝,輝,滝本,male
末吉 風季,風季,末吉,male
村田 章,章,村田,male
宮崎 日向,日向,宮崎,female
黒田 琥大,琥大,黒田,male
長島 青翔,青翔,長島,male
清野 風夏,風夏,清野,female
松井 実梨,実梨,松井,female
吉原 信二,信二,吉原,male
菊池 優雅,優雅,菊池,male
石原 伊桜里,伊桜里,石原,female
吉田 翼,翼,吉田,female
我妻 凜,凜,我妻,female
古谷 弥生,弥生,古谷,female
松浦 鈴,鈴,松浦,female
原田 穂風,穂風,原田,male
富田 篤美,篤美,富田,female
佐藤 杏子,杏子,佐藤,female
鳥山 春芽,春芽,鳥山,female
柏 椋子,椋子,柏,female
西村 紅,紅,西村,female
酒井 香奈,香奈,酒井,female
岩崎 桃李,桃李,岩崎,female
小杉 清香,清香,小杉,female
石川 若菜,若菜,石川,female
井内 秋央,秋央,井内,male
浅田 優雅,優雅,浅田,male
吉丸 灯花,灯花,吉丸,female
小野 夏一,夏一,小野,male
松本 悠空,悠空,松本,male
岡田 大雅,大雅,岡田,male
柿崎 千秋,千秋,柿崎,female
桑山 咲久耶,咲久耶,桑山,female
斎藤 津由,津由,斎藤,female
本多 柚子,柚子,本多,female
南條 海,海,南條,female
浅尾 瀧之介,瀧之介,浅尾,male
米丸 良羽,良羽,米丸,male
遠藤 主冴,主冴,遠藤,male
児玉 光秀,光秀,児玉,male
稲葉 聖,聖,稲葉,male
山口 海星,海星,山口,male
堀口 岳,岳,堀口,male
佐野 栞,栞,佐野,female
片桐 奈智,奈智,片桐,female
篠田 杏,杏,篠田,female
阿部 勇士,勇士,阿部,male
三宅 撫子,撫子,三宅,female
田中 莉,莉,田中,female
米田 七加,七加,米田,female
川上 夏樹,夏樹,川上,male
大西 千秋,千秋,大西,female
萩原 雛子,雛子,萩原,female
原 護,護,原,male
金城 学,学,金城,male
黒田 穣士,穣士,黒田,male
比嘉 和葉,和葉,比嘉,female
三本 千尋,千尋,三本,female
加藤 千代子,千代子,加藤,female
青木 笑,笑,青木,female
佐藤 千春,千春,佐藤,female
多田 千沙都,千沙都,多田,female
細沼 秋成,秋成,細沼,male
田中 さつき,さつき,田中,female
天野 夏樹,夏樹,天野,male
横田 弓実,弓実,横田,female
安田 柑奈,柑奈,安田,female
中島 空太,空太,中島,male
山中 明,明,山中,male
今井 日登,日登,今井,male
新田 空明,空明,新田,male
大野 有羽季,有羽季,大野,female
杉浦 律連,律連,杉浦,female
神田 千沙都,千沙都,神田,female
天野 蔵之助,蔵之助,天野,male
豊田 実,実,豊田,female
永井 海美,海美,永井,female
山本 忍乃,忍乃,山本,female
加藤 光矢,光矢,加藤,male
仲松 満,満,仲松,female
松田 翔太,翔太,松田,male
滑川 桜,桜,滑川,female
永沼 空,空,永沼,male
柳沢 景子,景子,柳沢,female
森下 幹二郎,幹二郎,森下,male
井上 明日香,明日香,井上,female
藤沼 真海,真海,藤沼,male
上野 鞠,鞠,上野,female
宮原 かすみ,かすみ,宮原,female
関口 千早,千早,関口,female
青木 飛,飛,青木,male
堀口 一華,一華,堀口,female
鈴木 樹,樹,鈴木,male
田中 豊清,豊清,田中,male
田代 和,和,田代,female
岡本 はづき,はづき,岡本,female
川上 高貴,高貴,川上,male
竹田 香奈,香奈,竹田,female
白神 凪沙,凪沙,白神,female
高見 雄大,雄大,高見,male
尾崎 撫子,撫子,尾崎,female
酒井 爽花,爽花,酒井,female
折戸 静香,静香,折戸,female
酒井 牧乃,牧乃,酒井,female
鈴木 秋雪,秋雪,鈴木,male
柳川 錦,錦,柳川,male
三宅 湊,湊,三宅,male
足立 卯乃葉,卯乃葉,足立,female
稲沢 夏海人,夏海人,稲沢,male
小中 友春,友春,小中,male
坂本 千尋,千尋,坂本,female
大田原 明日夏,明日夏,大田原,male
林 雄大,雄大,林,male
竹原 琴都美,琴都美,竹原,female
森本 孝生,孝生,森本,male
伊藤 櫂聖,櫂聖,伊藤,male
鈴木 紬,紬,鈴木,female
清水 伊万里,伊万里,清水,female
興梠 虎,虎,興梠,male
井口 要,要,井口,male
田島 秋三,秋三,田島,male
宇田川 空光,空光,宇田川,male
川名 徳彦,徳彦,川名,male
谷口 柊伍,柊伍,谷口,male
山口 巴,巴,山口,female
山中 楓,楓,山中,female
山口 彩,彩,山口,female
三原 天馬,天馬,三原,male
田村 花乃,花乃,田村,female
関 棗芽,棗芽,関,female
鈴木 翼,翼,鈴木,male
西村 菊之輔,菊之輔,西村,male
本郷 睦,睦,本郷,female
竹石 友梨乃,友梨乃,竹石,female
阿川 明智,明智,阿川,male
六車 紳,紳,六車,male
土屋 信生,信生,土屋,male
市原 伊織,伊織,市原,female
小林 弥子,弥子,小林,female
杉山 鈴,鈴,杉山,female
安楽 春道,春道,安楽,male
及川 春雄,春雄,及川,male
篠田 陽太,陽太,篠田,male
石井 幸,幸,石井,female
黒須 菜子,菜子,黒須,female
丸山 隆春,隆春,丸山,male
福岡 乙葉,乙葉,福岡,female
竹村 光喜,光喜,竹村,male
大室 奏,奏,大室,female
大石 李桜,李桜,大石,male
近野 梨花,梨花,近野,female
平林 凜桜,凜桜,平林,female
永尾 龍生,龍生,永尾,male
森中 冷奈,冷奈,森中,female
斎藤 冴,冴,斎藤,female
小此木 涼太,涼太,小此木,male
高田 芹加,芹加,高田,female
丸山 皐月,皐月,丸山,female
神田 修,修,神田,male
小阪 蒼乃子,蒼乃子,小阪,female
山崎 龍人,龍人,山崎,male
清藤 夏太,夏太,清藤,male
平井 春道,春道,平井,male
安田 雪菜,雪菜,安田,female
加藤 櫂聖,櫂聖,加藤,male
小林 夏樹,夏樹,小林,male
清水 寛二郎,寛二郎,清水,male
望月 鈴,鈴,望月,female
持田 明日夏,明日夏,持田,male
藤原 史男,史男,藤原,male
吉崎 那月,那月,吉崎,female
高田 岳,岳,高田,male
木内 ゆき,ゆき,木内,female
遠藤 空希,空希,遠藤,male
池上 千春,千春,池上,male
宮前 葵,葵,宮前,female
内村 元,元,内村,male
木下 日和,日和,木下,male
高橋 湊海,湊海,高橋,male
柚木 椋子,椋子,柚木,female
本橋 紀子,紀子,本橋,female
岸 海凪,海凪,岸,female
衛藤 冬也,冬也,衛藤,male
加藤 新音,新音,加藤,female
遠藤 卯乃葉,卯乃葉,遠藤,female
河内 公太郎,公太郎,河内,male
鷹野 玄稀,玄稀,鷹野,male
橘川 藍佳,藍佳,橘川,female
三谷 健斗,健斗,三谷,male
近藤 柚季,柚季,近藤,female
丸山 高空,高空,丸山,male
松井 栞奈,栞奈,松井,female
福島 瀧之介,瀧之介,福島,male
林 珠季,珠季,林,female
田原 一尊,一尊,田原,male
岡田 和,和,岡田,female
鳥越 学,学,鳥越,male
松本 秋貴,秋貴,松本,male
小畑 舞雪,舞雪,小畑,female
久保 龍月,龍月,久保,male
小林 雅楽,雅楽,小林,male
浅見 亜子,亜子,浅見,female
山口 七加,七加,山口,female
福井 加奈子,加奈子,福井,female
伊東 梗花,梗花,伊東,female
石原 騎士,騎士,石原,male
勝山 月稀乃,月稀乃,勝山,female
加藤 悠飛,悠飛,加藤,male
鈴木 明日夏,明日夏,鈴木,male
木戸口 天空,天空,木戸口,male
高本 凛太朗,凛太朗,高本,male
加藤 葵,葵,加藤,female
林 棗芽,棗芽,林,female
岡本 夏之,夏之,岡本,male
松野 有羽季,有羽季,松野,female
川井 大河,大河,川井,male
野村 賢人,賢人,野村,male
中村 天馬,天馬,中村,male
大石 涼吾,涼吾,大石,male
鈴木 徳彦,徳彦,鈴木,male
高橋 加奈子,加奈子,高橋,female
谷井 倉之助,倉之助,谷井,male
池田 源,源,池田,male
野田 柊翔,柊翔,野田,male
山本 龍人,龍人,山本,male
日下部 徳彦,徳彦,日下部,male
横関 杏菜,杏菜,横関,female
田中 千沙都,千沙都,田中,female
中山 太輔,太輔,中山,male
高橋 美鈴,美鈴,高橋,female
阿部 信次郎,信次郎,阿部,male
筧 龍之介,龍之介,筧,male
赤木 春昴,春昴,赤木,male
伊藤 海空,海空,伊藤,female
山川 蔵之介,蔵之介,山川,male
神谷 月彦,月彦,神谷,male
上嶋 里海,里海,上嶋,male
岡田 勘太,勘太,岡田,male
丸子 秋雪,秋雪,丸子,male
水谷 都子,都子,水谷,female
立石 湊海,湊海,立石,female
斎藤 弥,弥,斎藤,male
前田 景依,景依,前田,female
鈴木 龍人,龍人,鈴木,male
今関 友梨乃,友梨乃,今関,female
藤田 奈智,奈智,藤田,female
田上 翼,翼,田上,female
堀井 牧乃,牧乃,堀井,female
福元 沙蘭,沙蘭,福元,female
黒木 夏之,夏之,黒木,male
金田 桜花,桜花,金田,female
清水 空悟,空悟,清水,male
宮本 龍生,龍生,宮本,male
中田 ゆき,ゆき,中田,female
山口 千尋,千尋,山口,female
三谷 希子,希子,三谷,female
北沢 優斗,優斗,北沢,male
雨宮 澪,澪,雨宮,female
田中 卯月,卯月,田中,female
岡田 豊人,豊人,岡田,male
樽井 爽子,爽子,樽井,female
鈴木 仁,仁,鈴木,male
小林 孝次郎,孝次郎,小林,male
渡辺 栞菜,栞菜,渡辺,female
山本 寛二郎,寛二郎,山本,male
石田 凪沙,凪沙,石田,female
若松 名樹,名樹,若松,male
坂倉 市華,市華,坂倉,female
蔭山 麻姫,麻姫,蔭山,female
磯村 竜馬,竜馬,磯村,male
江戸 月実,月実,江戸,female
木下 守,守,木下,male
越川 文美,文美,越川,female
熊田 優斗,優斗,熊田,male
新庄 章,章,新庄,male
山下 珠季,珠季,山下,female
藤田 虎,虎,藤田,male
多田 豊夏,豊夏,多田,male
松本 蒼佑,蒼佑,松本,male
小林 藤子,藤子,小林,female
井上 悠空,悠空,井上,male
石川 錦,錦,石川,male
田中 秋岳,秋岳,田中,male
土田 鈴,鈴,土田,female
山岸 士,士,山岸,male
大窪 月花,月花,大窪,female
内田 龍馬,龍馬,内田,male
井上 櫂聖,櫂聖,井上,male
今 秀,秀,今,male
鈴木 秋忠,秋忠,鈴木,male
藤村 主冴,主冴,藤村,male
上杉 楓,楓,上杉,female
服部 冬也,冬也,服部,male
梅田 文奈,文奈,梅田,female
今川 航海,航海,今川,male
山崎 凛太朗,凛太朗,山崎,male
柴山 葵,葵,柴山,female
坂口 初樹,初樹,坂口,male
佐賀 徳彦,徳彦,佐賀,male
奧村 信次郎,信次郎,奧村,male
山瀬 伊織,伊織,山瀬,female
小宅 冬磨,冬磨,小宅,male
池田 夕弦,夕弦,池田,male
原田 咲,咲,原田,female
加藤 空良,空良,加藤,male
佐伯 雅己,雅己,佐伯,male
中野 龍弥,龍弥,中野,male
石川 江莉香,江莉香,石川,female
上原 飛海,飛海,上原,male
遠藤 巳空,巳空,遠藤,male
松田 秋海,秋海,松田,male
鈴木 幸,幸,鈴木,female
西崎 典夫,典夫,西崎,male
金子 月陽,月陽,金子,female
宮川 銀河,銀河,宮川,male
山田 護,護,山田,male
石渡 清春,清春,石渡,male
鈴木 正和,正和,鈴木,male
井上 翼,翼,井上,female
瀧本 実梨,実梨,瀧本,female
中川 百華,百華,中川,female
藤田 勘太,勘太,藤田,male
川口 明日香,明日香,川口,female
工藤 冬斗,冬斗,工藤,male
阿部 空斗,空斗,阿部,male
松本 冬崇,冬崇,松本,male
友田 夏蓮,夏蓮,友田,female
岡本 信次郎,信次郎,岡本,male
丸岡 篤美,篤美,丸岡,female
兼田 春絵,春絵,兼田,female
渡辺 奈智,奈智,渡辺,female
木村 天,天,木村,male
木村 小夏,小夏,木村,female
木村 暁,暁,木村,male
多田 かすみ,かすみ,多田,female
矢野 恭,恭,矢野,female
福原 紅梨,紅梨,福原,female
渡部 夕凪,夕凪,渡部,female
勝部 真海,真海,勝部,male
広谷 麻衣,麻衣,広谷,female
平川 秋継,秋継,平川,male
臼井 月花,月花,臼井,female
加藤 守,守,加藤,male
及川 涼吾,涼吾,及川,male
中野 衣吹季,衣吹季,中野,male
田村 鈴音,鈴音,田村,female
田中 凛,凛,田中,female
西川 澄辰,澄辰,西川,male
古賀 飛,飛,古賀,male
後藤 有桜,有桜,後藤,female
永石 舞雪,舞雪,永石,female
川部 仁,仁,川部,male
橋爪 織,織,橋爪,female
田所 玲男,玲男,田所,male
太田 岳,岳,太田,male
吉田 紫穂子,紫穂子,吉田,female
内山 秋親,秋親,内山,male
茂木 鞠,鞠,茂木,female
臼杵 光,光,臼杵,male
秋山 藤子,藤子,秋山,female
遠藤 麻姫,麻姫,遠藤,female
島田 彩有里,彩有里,島田,female
小柳 陽葵,陽葵,小柳,female
尾崎 澪,澪,尾崎,female
松岡 和夫,和夫,松岡,male
増井 龍太,龍太,増井,male
福野 弥衣子,弥衣子,福野,female
小川 沙月,沙月,小川,female
小野 朱美玲,朱美玲,小野,female
水谷 小羽子,小羽子,水谷,female
寺岡 涼佳,涼佳,寺岡,female
岩? 昭雄,昭雄,岩?,male
浦山 拓海,拓海,浦山,male
鈴木 はづき,はづき,鈴木,female
河本 暢介,暢介,河本,male
川副 春絵,春絵,川副,female
田原 弥,弥,田原,male
赤塚 夏明,夏明,赤塚,male
土屋 健斗,健斗,土屋,male
浜野 和雪,和雪,浜野,male
岡村 彩春,彩春,岡村,female
木田 帆希,帆希,木田,female
田中 弓,弓,田中,female
松原 孝生,孝生,松原,male
横田 歩夢希,歩夢希,横田,male
塩飽 淳,淳,塩飽,male
角田 良羽,良羽,角田,male
林 翔太,翔太,林,male
久富 果七,果七,久富,female
山口 一颯,一颯,山口,male
森岡 空,空,森岡,male
大西 はづき,はづき,大西,female
阪上 真白,真白,阪上,female
塚田 夏太,夏太,塚田,male
山本 孝生,孝生,山本,male
沼尾 秋穂,秋穂,沼尾,female
小園 涼季,涼季,小園,male
小田 暁,暁,小田,male
渡辺 明羽,明羽,渡辺,male
須田 大夏,大夏,須田,male
村本 信,信,村本,male
村木 千沙都,千沙都,村木,female
木村 空,空,木村,male
谷山 里海,里海,谷山,male
木村 賢人,賢人,木村,male
黒川 舞雪,舞雪,黒川,female
垣内 咲,咲,垣内,female
木村 光,光,木村,male
太田 栞奈,栞奈,太田,female
中野 龍弥,龍弥,中野,male
秋葉 初音,初音,秋葉,female
長 城,城,長,male
柴田 秋親,秋親,柴田,male
佐野 巴,巴,佐野,female
植田 華美,華美,植田,female
宮下 悠人,悠人,宮下,male
山崎 皐月,皐月,山崎,female
中園 太子,太子,中園,male
木本 和,和,木本,female
後藤 冬也,冬也,後藤,male
関塚 悠人,悠人,関塚,male
関原 雄大,雄大,関原,male
山本 征史郎,征史郎,山本,male
宮城 秋継,秋継,宮城,male
徳永 学,学,徳永,male
笹山 勘太,勘太,笹山,male
水野 秋親,秋親,水野,male
長嶺 天羽,天羽,長嶺,male
山下 信織,信織,山下,male
北田 秋央,秋央,北田,male
片岡 織人,織人,片岡,male
安藤 真白,真白,安藤,female
安東 晴,晴,安東,male
大川 彩有里,彩有里,大川,female
清水 雅己,雅己,清水,male
大城 千風由,千風由,大城,female
熊谷 秋登,秋登,熊谷,male
大門 楓,楓,大門,female
榎本 光秀,光秀,榎本,male
小林 文奈,文奈,小林,female
住田 空光,空光,住田,male
鈴木 影来,影来,鈴木,male
立花 麻衣,麻衣,立花,female
伊藤 龍人,龍人,伊藤,male
柏木 初樹,初樹,柏木,male
増田 武玄,武玄,増田,male
吉岡 鈴美玲,鈴美玲,吉岡,female
渡辺 日和,日和,渡辺,female
中村 葵日夏,葵日夏,中村,female
重野 海星,海星,重野,male
安藤 浩介,浩介,安藤,male
岡田 沙季歩,沙季歩,岡田,female
上原 春花,春花,上原,female
中路 聖,聖,中路,male
宮崎 結,結,宮崎,male
小山 芽衣,芽衣,小山,female
佐々木 空飛,空飛,佐々木,male
田澤 凜,凜,田澤,female
今井 青空,青空,今井,male
町田 唯,唯,町田,female
高野 茂,茂,高野,male
竹内 和雪,和雪,竹内,male
松下 名樹,名樹,松下,male
服部 光,光,服部,male
野口 幸,幸,野口,female
島内 指揮,指揮,島内,male
伊藤 桜花,桜花,伊藤,female
飯村 月稀乃,月稀乃,飯村,female
溝口 錦,錦,溝口,male
松本 一華,一華,松本,female
赤羽 秋邦,秋邦,赤羽,male
糸井 里海,里海,糸井,male
一木 聖涼,聖涼,一木,male
伊藤 冬一郎,冬一郎,伊藤,male
吉田 花奈,花奈,吉田,female
北口 孝明,孝明,北口,male
中田 寛次郎,寛次郎,中田,male
近藤 春日,春日,近藤,female
村上 花奈,花奈,村上,female
津留 桃李,桃李,津留,female
小池 紅,紅,小池,female
樋口 新介,新介,樋口,male
寺脇 涼季,涼季,寺脇,male
西田 希生,希生,西田,male
古矢 紀子,紀子,古矢,female
平林 翔太,翔太,平林,male
城戸 要,要,城戸,female
西脇 涼翔,涼翔,西脇,male
柴田 忍乃,忍乃,柴田,female
林 翔太,翔太,林,male
早川 凛子,凛子,早川,female
大村 撫子,撫子,大村,female
増田 春海,春海,増田,male
村田 静香,静香,村田,female
桜井 彩桜葉,彩桜葉,桜井,female
中村 夕弦,夕弦,中村,male
小林 小都,小都,小林,female
和田 銀河,銀河,和田,male
井上 翔,翔,井上,male
尾上 春日,春日,尾上,female
河原 凛,凛,河原,female
大類 明,明,大類,male
東 幸士郎,幸士郎,東,male
吉田 梨花,梨花,吉田,female
河野 空斗,空斗,河野,male
小幡 月稀乃,月稀乃,小幡,female
石毛 楓佳,楓佳,石毛,female
斎藤 柊月,柊月,斎藤,female
古川 花乃,花乃,古川,female
横江 作二郎,作二郎,横江,male
神田 孝次郎,孝次郎,神田,male
大村 夕弦,夕弦,大村,male
張替 紫織,紫織,張替,female
榊 弥衣子,弥衣子,榊,female
高梨 夏蓮,夏蓮,高梨,female
両角 桐,桐,両角,female
小林 杏,杏,小林,female
藤枝 杏,杏,藤枝,female
中島 奏,奏,中島,female
高橋 千尋,千尋,高橋,female
山根 穣士,穣士,山根,male
佐々木 飛人,飛人,佐々木,male
村上 彩有里,彩有里,村上,female
門 有可里,有可里,門,female
首藤 和佐,和佐,首藤,female
田中 拓海,拓海,田中,male
山本 凛太朗,凛太朗,山本,male
横山 睦月,睦月,横山,female
橋本 葵咲,葵咲,橋本,female
堀内 芹加,芹加,堀内,female
小野 公太郎,公太郎,小野,male
秋元 彩春,彩春,秋元,female
錦織 空希,空希,錦織,male
松本 柊翔,柊翔,松本,male
花岡 寛次郎,寛次郎,花岡,male
中田 明,明,中田,male
松本 彩桜葉,彩桜葉,松本,female
安部 花乃,花乃,安部,female
篠原 聖,聖,篠原,male
鈴木 佳乃子,佳乃子,鈴木,female
臼井 正和,正和,臼井,male
本間 花奈,花奈,本間,female
半澤 澄玲,澄玲,半澤,female
森田 秋成,秋成,森田,male
下野 成生,成生,下野,male
森川 凛子,凛子,森川,female
水野 岳,岳,水野,male
笠原 文奈,文奈,笠原,female
鈴木 颯,颯,鈴木,male
山田 蒼生,蒼生,山田,male
深川 州稀,州稀,深川,male
林 想希,想希,林,male
小泉 冴和,冴和,小泉,female
植田 澄秋,澄秋,植田,male
島田 律連,律連,島田,female
矢萩 有澄,有澄,矢萩,female
高井 七加,七加,高井,female
竹越 月稀乃,月稀乃,竹越,female
阿部 雅,雅,阿部,male
中井 心桜,心桜,中井,female
芦野 希生,希生,芦野,male
楠本 温,温,楠本,male
桑原 康史郎,康史郎,桑原,male
多田 紫織,紫織,多田,female
内田 翔耀,翔耀,内田,male
峯岸 天,天,峯岸,male
石岡 鞠,鞠,石岡,female
久本 龍生,龍生,久本,male
松岡 珠季,珠季,松岡,female
長坂 菜々星,菜々星,長坂,female
遠藤 拓真,拓真,遠藤,male
川瀬 睦,睦,川瀬,female
石川 守,守,石川,male
水谷 寛二郎,寛二郎,水谷,male
長谷川 和夫,和夫,長谷川,male
畠山 葵,葵,畠山,female
鈴木 空色,空色,鈴木,male
鈴木 有可里,有可里,鈴木,female
吉田 秋穂,秋穂,吉田,female
西谷 小町,小町,西谷,female
岡田 和夫,和夫,岡田,male
森 織人,織人,森,male
松沢 蘭華,蘭華,松沢,female
今村 飛人,飛人,今村,male
田辺 紫織,紫織,田辺,female
梅田 豊清,豊清,梅田,male
神谷 紫織,紫織,神谷,female
宮崎 樹,樹,宮崎,male
大井 桜雅,桜雅,大井,male
山下 晶,晶,山下,female
鈴木 虎,虎,鈴木,male
北川 紬,紬,北川,female
柴山 春花,春花,柴山,female
西村 紳,紳,西村,male
藤江 白虎,白虎,藤江,male
阿部 豊夏,豊夏,阿部,male
近藤 果七,果七,近藤,female
久保田 爽子,爽子,久保田,female
高田 萩作,萩作,高田,male
中西 茜,茜,中西,female
宮野 龍彦,龍彦,宮野,male
守屋 龍,龍,守屋,male
白井 白虎,白虎,白井,male
山田 加奈子,加奈子,山田,female
前田 花乃,花乃,前田,female
田中 柑奈,柑奈,田中,female
長山 光,光,長山,male
小野 蔵之助,蔵之助,小野,male
松井 楓佳,楓佳,松井,female
小林 桜子,桜子,小林,female
福富 寛二郎,寛二郎,福富,male
池部 龍太,龍太,池部,male
天野 武玄,武玄,天野,male
大村 澄玲,澄玲,大村,female
薬師寺 健斗,健斗,薬師寺,male
太田 菊之輔,菊之輔,太田,male
高野 冬己,冬己,高野,male
長島 涼季,涼季,長島,male
北川 弥衣子,弥衣子,北川,female
小林 動,動,小林,male
福田 龍太,龍太,福田,male
横山 空明,空明,横山,male
松浦 春道,春道,松浦,male
森江 虎飛,虎飛,森江,male
黒田 伸春,伸春,黒田,male
黒沢 春日,春日,黒沢,female
佐藤 東希,東希,佐藤,male
石丸 典夫,典夫,石丸,male
近藤 篤美,篤美,近藤,female
白井 李桜,李桜,白井,male
木村 はづき,はづき,木村,female
有田 有桜,有桜,有田,female
笹本 茜,茜,笹本,female
中尾 千早,千早,中尾,female
松下 紫苑,紫苑,松下,female
菊地 蔵之介,蔵之介,菊地,male
水口 七加,七加,水口,female
横山 士,士,横山,male
井上 聡,聡,井上,male
新井 海星,海星,新井,male
堀口 暁,暁,堀口,male
伊原 園子,園子,伊原,female
小野澤 冬也,冬也,小野澤,male
中條 広紀,広紀,中條,male
河合 千春,千春,河合,female
黒川 聖,聖,黒川,male
稲葉 千代子,千代子,稲葉,female
中谷 尊彦,尊彦,中谷,male
相田 慶二郎,慶二郎,相田,male
石渡 蘭華,蘭華,石渡,female
久保 栞奈,栞奈,久保,female
岩崎 昭雄,昭雄,岩崎,male
植村 和也,和也,植村,male
伊藤 縁,縁,伊藤,female
木下 月彦,月彦,木下,male
山本 柚子,柚子,山本,female
井村 友春,友春,井村,male
小崎 豊夏,豊夏,小崎,male
石毛 沙世子,沙世子,石毛,female
和田 空和,空和,和田,male
田中 秋継,秋継,田中,male
武井 江莉香,江莉香,武井,female
上村 寛二郎,寛二郎,上村,male
角田 和也,和也,角田,male
田村 遥日,遥日,田村,female
増渕 華乃美,華乃美,増渕,female
長谷川 桜雅,桜雅,長谷川,male
阿部 隼,隼,阿部,male
菊池 寛次郎,寛次郎,菊池,male
三上 冴,冴,三上,female
広江 岳,岳,広江,male
西川 櫂聖,櫂聖,西川,male
岩崎 巴江,巴江,岩崎,female
谷 東希,東希,谷,male
岡本 尊人,尊人,岡本,male
松尾 菜子,菜子,松尾,female
飯山 巴江,巴江,飯山,female
山地 文奈,文奈,山地,female
川端 透子,透子,川端,female
阿部 秋継,秋継,阿部,male
前田 千代乃,千代乃,前田,female
白石 龍,龍,白石,male
江尻 花奈,花奈,江尻,female
安野 沙世,沙世,安野,female
松尾 麻姫,麻姫,松尾,female
新井 騎士,騎士,新井,male
喜多 楓,楓,喜多,female
北島 龍之介,龍之介,北島,male
佐藤 優斗,優斗,佐藤,male
遠藤 空希,空希,遠藤,male
鈴木 仁,仁,鈴木,male
飛田 春道,春道,飛田,male
鎌田 陽生,陽生,鎌田,male
田中 紬,紬,田中,female
山口 唯花,唯花,山口,female
上原 士彦,士彦,上原,male
落合 月彦,月彦,落合,male
福井 雅久,雅久,福井,male
石森 修,修,石森,male
前田 依央奈,依央奈,前田,female
原 東希,東希,原,male
中山 咲花,咲花,中山,female
松田 湊海,湊海,松田,male
吉野 遥日,遥日,吉野,female
中本 徳人,徳人,中本,male
高橋 白音,白音,高橋,female
杉下 実緒,実緒,杉下,female
飯田 小雪,小雪,飯田,female
雑賀 夏海人,夏海人,雑賀,male
田沼 悠空,悠空,田沼,male
小牧 澄辰,澄辰,小牧,male
西谷 ゆき,ゆき,西谷,female
沖野 牧乃,牧乃,沖野,female
本村 春太,春太,本村,male
中村 小羽子,小羽子,中村,female
森 遥夏,遥夏,森,male
菅野 海,海,菅野,female
平野 名樹,名樹,平野,male
宮原 秋里,秋里,宮原,male
高橋 江莉香,江莉香,高橋,female
小川 景,景,小川,female
山内 飛海,飛海,山内,male
館山 銀河,銀河,館山,male
山田 大和,大和,山田,male
藤山 玲男,玲男,藤山,male
成田 尊彦,尊彦,成田,male
宮下 風澄,風澄,宮下,female
望月 円,円,望月,female
河野 彩,彩,河野,female
網野 梨花,梨花,網野,female
星野 紅葉,紅葉,星野,female
小中 めぐみ,めぐみ,小中,female
北村 淳,淳,北村,male
岩本 尊,尊,岩本,male
長谷部 沙月,沙月,長谷部,female
富永 芹加,芹加,富永,female
古川 澄佳,澄佳,古川,female
栗原 浩介,浩介,栗原,male
内野 一颯,一颯,内野,male
難波 小羽子,小羽子,難波,female
友田 百,百,友田,female
中村 千菜美,千菜美,中村,female
桑原 香奈,香奈,桑原,female
山田 郁乃,郁乃,山田,female
永田 昭雄,昭雄,永田,male
中島 柑奈,柑奈,中島,female
寺坂 涼翔,涼翔,寺坂,male
佐々木 妃梨,妃梨,佐々木,female
上西 青空,青空,上西,male
栗田 梗花,梗花,栗田,female
関 沙季歩,沙季歩,関,female
岡本 翼,翼,岡本,female
松原 律子,律子,松原,female
園田 巴子,巴子,園田,female
沢辺 さつき,さつき,沢辺,female
川畑 厚雪,厚雪,川畑,male
西村 蓮華,蓮華,西村,female
渡辺 はづき,はづき,渡辺,female
土屋 和佐,和佐,土屋,female
大谷 天,天,大谷,male
木下 月花,月花,木下,female
大久保 静香,静香,大久保,female
佐藤 陽雄,陽雄,佐藤,male
足立 錦,錦,足立,male
中平 騎士,騎士,中平,male
山田 元,元,山田,male
山口 明花音,明花音,山口,female
小泉 正稀,正稀,小泉,male
藤井 冬若華,冬若華,藤井,female
竹谷 和人,和人,竹谷,male
大島 涼翔,涼翔,大島,male
村田 千颯,千颯,村田,male
広島 泰佐,泰佐,広島,male
宮城 奈智,奈智,宮城,female
木村 信織,信織,木村,male
小倉 徳彦,徳彦,小倉,male
安藤 護,護,安藤,male
奥山 香奈,香奈,奥山,female
鈴木 秋成,秋成,鈴木,male
松本 沙蘭,沙蘭,松本,female
福岡 透子,透子,福岡,female
小谷 一颯,一颯,小谷,male
浅野 真琴,真琴,浅野,female
堀込 賢人,賢人,堀込,male
小木曽 泰佐,泰佐,小木曽,male
高木 凛太朗,凛太朗,高木,male
二瓶 忍乃,忍乃,二瓶,female
多田 櫂聖,櫂聖,多田,male
川島 楓佳,楓佳,川島,female
久保田 椿,椿,久保田,female
浅野 凛太朗,凛太朗,浅野,male
阿部 沙雪,沙雪,阿部,female
青柳 学,学,青柳,male
坂本 春輝,春輝,坂本,male
佐藤 銀河,銀河,佐藤,male
岩本 夏空,夏空,岩本,male
小林 海人,海人,小林,male
船越 弓,弓,船越,female
斉藤 和雪,和雪,斉藤,male
溝上 伊万里,伊万里,溝上,female
林 紀子,紀子,林,female
森田 櫂聖,櫂聖,森田,male
芦田 冬華,冬華,芦田,female
岩佐 鈴美玲,鈴美玲,岩佐,female
大口 凛子,凛子,大口,female
星野 大和,大和,星野,male
須賀 柊伍,柊伍,須賀,male
嵯峨 海星,海星,嵯峨,male
岡野 和飛,和飛,岡野,male
浜田 楓乃,楓乃,浜田,female
福田 蔵之助,蔵之助,福田,male
佐々木 温英,温英,佐々木,male
住田 明羽,明羽,住田,male
木下 大河,大河,木下,male
大沢 衣吹季,衣吹季,大沢,male
高田 春花,春花,高田,female
羽石 天空,天空,羽石,male
安藤 輝冬,輝冬,安藤,male
手塚 千菜美,千菜美,手塚,female
池田 華乃美,華乃美,池田,female
浅田 鞠,鞠,浅田,female
湯川 海老蔵,海老蔵,湯川,male
近藤 夏太,夏太,近藤,male
前野 玲男,玲男,前野,male
平山 和飛,和飛,平山,male
高森 藤子,藤子,高森,female
神山 冬斗,冬斗,神山,male
遠山 明花音,明花音,遠山,female
土田 紫苑,紫苑,土田,female
伊藤 龍月,龍月,伊藤,male
羽鳥 影来,影来,羽鳥,male
小浦 征史郎,征史郎,小浦,male
佐藤 冬崇,冬崇,佐藤,male
北村 輝,輝,北村,male
関根 弓,弓,関根,female
三宅 作二郎,作二郎,三宅,male
西山 聖音,聖音,西山,female
細井 寛二郎,寛二郎,細井,male
山崎 小都,小都,山崎,female
菅原 賢,賢,菅原,male
斉藤 海星,海星,斉藤,male
成瀬 天羽,天羽,成瀬,male
浦山 白虎,白虎,浦山,male
阿部 藍衣,藍衣,阿部,female
小林 史男,史男,小林,male
細川 百合,百合,細川,female
唐木 輝,輝,唐木,male
西本 茂,茂,西本,male
篠田 忍乃,忍乃,篠田,female
東田 久美,久美,東田,female
池亀 蘭華,蘭華,池亀,female
大丸 和飛,和飛,大丸,male
伊藤 一尊,一尊,伊藤,male
照屋 虎,虎,照屋,male
大木 唯翔,唯翔,大木,male
山崎 千代乃,千代乃,山崎,female
沢井 大祈,大祈,沢井,male
三澤 紬,紬,三澤,female
甲斐 真海,真海,甲斐,male
小川 麻衣,麻衣,小川,female
倉橋 拓実,拓実,倉橋,male
浮田 龍弥,龍弥,浮田,male
武田 弥衣子,弥衣子,武田,female
大森 咲久耶,咲久耶,大森,female
吉村 希心,希心,吉村,female
竹内 蘭華,蘭華,竹内,female
大須賀 作二郎,作二郎,大須賀,male
小柳 柊翔,柊翔,小柳,male
佐藤 涼吾,涼吾,佐藤,male
中本 輝冬,輝冬,中本,male
一色 百合,百合,一色,female
宮坂 那月,那月,宮坂,female
樋口 弓,弓,樋口,female
山田 桜,桜,山田,female
池田 香奈,香奈,池田,female
三上 光喜,光喜,三上,male
井坂 春輝,春輝,井坂,male
堀川 桜子,桜子,堀川,female
花岡 聖音,聖音,花岡,female
山口 幸,幸,山口,female
田部井 卯乃葉,卯乃葉,田部井,female
藤田 棗芽,棗芽,藤田,female
渡辺 皐月,皐月,渡辺,female
森永 彩芽,彩芽,森永,female
稲田 沙季歩,沙季歩,稲田,female
石川 冬若華,冬若華,石川,female
本橋 隼,隼,本橋,male
五十嵐 光喜,光喜,五十嵐,male
奥田 指揮,指揮,奥田,male
芳賀 彩有里,彩有里,芳賀,female
菅原 春太,春太,菅原,male
山崎 栞,栞,山崎,female
菅 聡,聡,菅,male
三好 月奈,月奈,三好,female
長島 美久里,美久里,長島,female
松川 卯乃葉,卯乃葉,松川,female
松尾 智,智,松尾,male
桜井 紬,紬,桜井,female
小池 和,和,小池,female
葛西 彩芽,彩芽,葛西,female
梅田 千颯,千颯,梅田,male
高橋 秋親,秋親,高橋,male
川澄 海空,海空,川澄,female
長坂 はづき,はづき,長坂,female
杉原 月彦,月彦,杉原,male
中西 透子,透子,中西,female
大友 香織,香織,大友,female
坂本 真海,真海,坂本,male
波多野 帆希,帆希,波多野,female
小松 百華,百華,小松,female
川越 想希,想希,川越,male
一宮 茜,茜,一宮,female
松村 信,信,松村,male
小林 龍,龍,小林,male
宮田 玲丞,玲丞,宮田,male
菅田 織人,織人,菅田,male
松枝 涼吾,涼吾,松枝,male
沢田 たまき,たまき,沢田,female
山下 史,史,山下,female
城山 温,温,城山,male
加藤 和泉,和泉,加藤,female
松岡 小雪,小雪,松岡,female
夏井 豊人,豊人,夏井,male
田村 龍生,龍生,田村,male
山田 夏蓮,夏蓮,山田,female
新垣 かすみ,かすみ,新垣,female
中野 慶二郎,慶二郎,中野,male
土屋 薫,薫,土屋,male
栗田 園子,園子,栗田,female
原 巴,巴,原,female
林 巴江,巴江,林,female
上田 珠季,珠季,上田,female
渡辺 楓乃,楓乃,渡辺,female
高梨 卯月,卯月,高梨,female
吉村 信,信,吉村,male
野口 千風由,千風由,野口,female
倉知 千春,千春,倉知,female
坂田 高貴,高貴,坂田,male
平山 佳乃子,佳乃子,平山,female
小山 冬也,冬也,小山,male
中嶋 冬仁,冬仁,中嶋,male
田中 明羽,明羽,田中,male
鈴木 新音,新音,鈴木,female
秋田 葵咲,葵咲,秋田,female
松下 士,士,松下,male
溝口 楓雅,楓雅,溝口,male
井本 海,海,井本,male
佐々木 静香,静香,佐々木,female
浅井 心桜,心桜,浅井,female
尾崎 一颯,一颯,尾崎,male
豊泉 翔,翔,豊泉,male
村田 秋桜,秋桜,村田,female
森 柚季,柚季,森,female
藤中 尊士,尊士,藤中,male
白石 夕凪,夕凪,白石,female
葛谷 冬也,冬也,葛谷,male
浮田 伊万里,伊万里,浮田,female
北村 江莉香,江莉香,北村,female
梅津 空希,空希,梅津,male
長田 和佐,和佐,長田,female
浅井 銀河,銀河,浅井,male
松本 秋雪,秋雪,松本,male
檜垣 和雪,和雪,檜垣,male
内田 美聖,美聖,内田,female
小林 白虎,白虎,小林,male
武井 冬崇,冬崇,武井,male
田中 葵羽,葵羽,田中,female
竹田 梗花,梗花,竹田,female
橋本 優斗,優斗,橋本,male
安田 ゆき,ゆき,安田,female
高本 航海,航海,高本,male
稲葉 憲,憲,稲葉,male
仲村渠 真白,真白,仲村渠,female
片山 弓,弓,片山,female
西村 桜子,桜子,西村,female
黒川 大河,大河,黒川,male
坂本 春雄,春雄,坂本,male
宮平 冬仁,冬仁,宮平,male
吉田 明日香,明日香,吉田,female
橋本 拓海,拓海,橋本,male
永井 葵,葵,永井,female
岩沢 沙月,沙月,岩沢,female
神原 慶二郎,慶二郎,神原,male
福地 青空,青空,福地,male
亀田 紅,紅,亀田,female
山口 遥日,遥日,山口,female
内野 幹二郎,幹二郎,内野,male
石井 風澄,風澄,石井,female
森 京子,京子,森,female
岸田 陽介,陽介,岸田,male
米田 鞠,鞠,米田,female
中田 花奈,花奈,中田,female
小田 秋士朗,秋士朗,小田,male
佐々木 悠空,悠空,佐々木,male
渡部 有桜,有桜,渡部,female
山本 太子,太子,山本,male
中田 雛子,雛子,中田,female
竹内 明日夏,明日夏,竹内,male
福岡 桜雅,桜雅,福岡,male
八木 輝冬,輝冬,八木,male
山田 紬,紬,山田,female
仲原 千早,千早,仲原,female
久我 信織,信織,久我,male
青木 雛乃,雛乃,青木,female
下村 夕凪,夕凪,下村,female
丸 沙月,沙月,丸,female
長谷川 健斗,健斗,長谷川,male
狩野 佳乃子,佳乃子,狩野,female
冨田 唯翔,唯翔,冨田,male
仲川 陽子,陽子,仲川,female
大田 颯,颯,大田,male
川野 寧々,寧々,川野,female
斎藤 日登,日登,斎藤,male
沢田 浩介,浩介,沢田,male
平山 颯,颯,平山,male
板坂 夏樹,夏樹,板坂,male
山田 舞雪,舞雪,山田,female
加藤 澄玲,澄玲,加藤,female
竹内 光,光,竹内,male
若宮 空色,空色,若宮,male
松元 麻衣,麻衣,松元,female
渡辺 希子,希子,渡辺,female
斉藤 指揮,指揮,斉藤,male
日野 果七,果七,日野,female
加藤 鈴音,鈴音,加藤,female
横山 あおい,あおい,横山,female
池田 秋継,秋継,池田,male
島田 渡海男,渡海男,島田,male
大橋 有羽季,有羽季,大橋,female
中橋 士彦,士彦,中橋,male
西塚 奈藤,奈藤,西塚,female
小野 夏樹,夏樹,小野,male
石川 星奈,星奈,石川,female
渡辺 佳乃子,佳乃子,渡辺,female
松原 玲男,玲男,松原,male
足立 梨花,梨花,足立,female
古川 陽雄,陽雄,古川,male
角田 歩夢希,歩夢希,角田,male
岩切 奏汰,奏汰,岩切,male
杉山 秋央,秋央,杉山,male
戸田 彩,彩,戸田,female
徳永 澪,澪,徳永,female
小椋 花奈,花奈,小椋,female
青木 空和,空和,青木,male
増田 藍衣,藍衣,増田,female
佐々木 晴希,晴希,佐々木,male
松本 唯翔,唯翔,松本,male
山下 春俊,春俊,山下,male
吉本 渡海男,渡海男,吉本,male
三宅 龍生,龍生,三宅,male
星野 武玄,武玄,星野,male
浅見 樹,樹,浅見,male
南 沙季歩,沙季歩,南,female
伊藤 弥子,弥子,伊藤,female
丸山 尊人,尊人,丸山,male
大庭 大空,大空,大庭,male
古市 衣吹季,衣吹季,古市,male
加藤 海,海,加藤,female
新村 牧乃,牧乃,新村,female
仲井 春昴,春昴,仲井,male
有川 聖音,聖音,有川,female
野中 孝次郎,孝次郎,野中,male
曽根 穂澄,穂澄,曽根,female
関根 幸士郎,幸士郎,関根,male
酒井 沙世子,沙世子,酒井,female
小泉 希生,希生,小泉,male
愛甲 彩芽,彩芽,愛甲,female
石山 咲耶,咲耶,石山,female
山本 青翔,青翔,山本,male
斎藤 真海,真海,斎藤,male
岡田 柊月,柊月,岡田,female
花島 春俊,春俊,花島,male
手嶋 竜飛,竜飛,手嶋,male
服部 空光,空光,服部,male
渡瀬 咲,咲,渡瀬,female
新海 凪沙,凪沙,新海,female
高橋 明日夏,明日夏,高橋,male
小山 佳代,佳代,小山,female
松尾 巴子,巴子,松尾,female
福島 空太,空太,福島,male
前田 浩介,浩介,前田,male
畑本 翔太,翔太,畑本,male
津田 希心,希心,津田,female
佐久間 弓,弓,佐久間,female
小林 秋央,秋央,小林,male
大島 夏一,夏一,大島,male
西村 成,成,西村,female
山田 若菜,若菜,山田,female
山田 史乃,史乃,山田,female
杉山 咲久耶,咲久耶,杉山,female
池本 千早,千早,池本,female
北里 聖,聖,北里,male
岩崎 葵,葵,岩崎,female
木村 聡,聡,木村,male
山田 想希,想希,山田,male
井上 弥子,弥子,井上,female
高須 友和,友和,高須,male
宮坂 椿,椿,宮坂,female
門脇 元気,元気,門脇,male
増田 大夏,大夏,増田,male
武井 天,天,武井,male
村中 秋里,秋里,村中,male
野口 秋里,秋里,野口,male
今村 雅楽,雅楽,今村,male
御手洗 要,要,御手洗,male
桑原 鈴美玲,鈴美玲,桑原,female
関 孝史郎,孝史郎,関,male
渡部 涼吾,涼吾,渡部,male
小田 隆春,隆春,小田,male
米山 光喜,光喜,米山,male
赤木 天空,天空,赤木,male
鶴田 虎飛,虎飛,鶴田,male
寺本 空,空,寺本,male
川瀬 昭雄,昭雄,川瀬,male
仁科 春芽,春芽,仁科,female
岡田 凛太朗,凛太朗,岡田,male
波多野 秋穂,秋穂,波多野,female
二瓶 空和,空和,二瓶,male
由利 珠季,珠季,由利,female
橋本 和葉,和葉,橋本,female
星野 天,天,星野,male
岩倉 巴,巴,岩倉,female
吉田 隆春,隆春,吉田,male
川上 沙世子,沙世子,川上,female
小宮 凜桜,凜桜,小宮,female
橋本 賢人,賢人,橋本,male
村上 湊,湊,村上,female
門 咲世,咲世,門,female
高原 千春,千春,高原,female
大西 沙世子,沙世子,大西,female
西岡 千沙都,千沙都,西岡,female
根岸 舞雪,舞雪,根岸,female
前田 星奈,星奈,前田,female
斎藤 卯月,卯月,斎藤,female
高橋 藤子,藤子,高橋,female
門田 潮流,潮流,門田,male
大薮 聡,聡,大薮,male
松田 初,初,松田,female
川村 空飛,空飛,川村,male
竹内 奏海,奏海,竹内,female
富田 徳彦,徳彦,富田,male
大澤 大雅,大雅,大澤,male
田村 美聖,美聖,田村,female
立花 紳,紳,立花,male
福山 要,要,福山,male
前川 海音,海音,前川,female
森 空斗,空斗,森,male
黒沢 清春,清春,黒沢,male
松田 海,海,松田,male
山田 龍馬,龍馬,山田,male
鈴木 冬斗,冬斗,鈴木,male
吉本 織人,織人,吉本,male
木下 穂澄,穂澄,木下,female
鈴木 冬崇,冬崇,鈴木,male
丹羽 彩有里,彩有里,丹羽,female
片岡 楓雅,楓雅,片岡,male
大野 秋貴,秋貴,大野,male
茅野 初音,初音,茅野,female
四方 虎飛,虎飛,四方,male
松本 高昊,高昊,松本,male
西田 風夏,風夏,西田,female
白川 文,文,白川,female
岡田 莉,莉,岡田,female
立石 紳,紳,立石,male
小坂 氷翠,氷翠,小坂,female
朝倉 空,空,朝倉,male
井上 天音,天音,井上,female
丸山 賢,賢,丸山,male
村上 秋岳,秋岳,村上,male
山内 要,要,山内,female
岩田 市華,市華,岩田,female
小山 海美,海美,小山,female
西田 悠飛,悠飛,西田,male
佐藤 風澄,風澄,佐藤,female
山崎 紀子,紀子,山崎,female
町田 千代,千代,町田,female
福島 史男,史男,福島,male
稲垣 弓,弓,稲垣,female
井上 桜雅,桜雅,井上,male
増岡 大空,大空,増岡,male
当山 温英,温英,当山,male
吉良 澄玲,澄玲,吉良,female
藤澤 彩有里,彩有里,藤澤,female
金本 秋雪,秋雪,金本,male
池上 徳人,徳人,池上,male
後藤 織信,織信,後藤,male
神谷 史緒里,史緒里,神谷,female
田口 蒼佑,蒼佑,田口,male
小山 冬一郎,冬一郎,小山,male
高島 景,景,高島,female
渡辺 史緒里,史緒里,渡辺,female
塚田 秋忠,秋忠,塚田,male
大原 睦月,睦月,大原,female
橋本 航海,航海,橋本,male
榊原 紬,紬,榊原,female
山本 睦,睦,山本,female
西尾 健斗,健斗,西尾,male
田中 柑奈,柑奈,田中,female
井上 春日,春日,井上,female
村田 日向,日向,村田,female
蝦名 竜馬,竜馬,蝦名,male
宮城 想希,想希,宮城,male
本田 翔,翔,本田,male
槙 千尋,千尋,槙,female
森崎 亜子,亜子,森崎,female
富田 虎羽,虎羽,富田,male
中村 葵咲,葵咲,中村,female
金子 冬仁,冬仁,金子,male
中沢 麻衣,麻衣,中沢,female
隅田 海星,海星,隅田,male
鈴木 帆希,帆希,鈴木,female
牧原 土筆,土筆,牧原,female
桑原 唯翔,唯翔,桑原,male
藤波 天羽,天羽,藤波,male
成田 有羽季,有羽季,成田,female
荻島 かすみ,かすみ,荻島,female
廣瀬 澪,澪,廣瀬,female
中村 園子,園子,中村,female
熊田 雅己,雅己,熊田,male
前島 冷奈,冷奈,前島,female
田中 日和,日和,田中,female
佐藤 翔耀,翔耀,佐藤,male
野原 千代子,千代子,野原,female
沢田 瑠夏,瑠夏,沢田,female
野原 たまき,たまき,野原,female
井岡 光喜,光喜,井岡,male
大久保 龍彦,龍彦,大久保,male
佐野 護,護,佐野,male
中島 豊夏,豊夏,中島,male
小島 秋登,秋登,小島,male
河田 涼翔,涼翔,河田,male
清水 柊月,柊月,清水,female
佐藤 豊夏,豊夏,佐藤,male
梅本 清春,清春,梅本,male
中村 高空,高空,中村,male
久保 鈴,鈴,久保,female
浅野 青空,青空,浅野,male
浅井 士彦,士彦,浅井,male
窪田 秋常,秋常,窪田,male
山本 柊月,柊月,山本,female
堀江 凛,凛,堀江,female
加賀 冬斗,冬斗,加賀,male
古市 護,護,古市,male
岩永 稜介,稜介,岩永,male
橋本 景,景,橋本,female
藤野 典夫,典夫,藤野,male
後藤 奈智,奈智,後藤,female
鈴木 初音,初音,鈴木,female
鈴木 暁,暁,鈴木,male
河合 花奈,花奈,河合,female
土屋 秀,秀,土屋,male
中村 冷奈,冷奈,中村,female
斉藤 夏蓮,夏蓮,斉藤,female
山本 紅葉,紅葉,山本,female
福島 沙世子,沙世子,福島,female
平井 氷翠,氷翠,平井,female
小口 李桜,李桜,小口,male
松下 文美,文美,松下,female
三部 静香,静香,三部,female
小沼 里海,里海,小沼,male
尾崎 栞奈,栞奈,尾崎,female
高部 雄大,雄大,高部,male
浅井 光喜,光喜,浅井,male
高 紗栄子,紗栄子,高,female
土屋 衣吹季,衣吹季,土屋,male
若井 豊夏,豊夏,若井,male
福元 明日香,明日香,福元,female
竹田 茜珠羽,茜珠羽,竹田,female
竹田 花奈,花奈,竹田,female
西河 花奈,花奈,西河,female
塚本 月奈,月奈,塚本,female
八木 桃李,桃李,八木,female
渡辺 士,士,渡辺,male
久末 真海,真海,久末,male
横山 皐月,皐月,横山,female
小野 成生,成生,小野,male
森崎 航海,航海,森崎,male
森谷 夏蓮,夏蓮,森谷,female
牧野 彩桜葉,彩桜葉,牧野,female
松浦 巴子,巴子,松浦,female
与儀 陽葵,陽葵,与儀,female
高場 瑞穂,瑞穂,高場,female
新井 名樹,名樹,新井,male
戸田 芳佳,芳佳,戸田,female
和田 和音,和音,和田,female
名越 千尋,千尋,名越,female
田中 温,温,田中,male
福永 夏之,夏之,福永,male
田中 士彦,士彦,田中,male
横山 千尋,千尋,横山,female
堀 渡海男,渡海男,堀,male
加藤 春,春,加藤,female
森 太子,太子,森,male
鈴木 光,光,鈴木,male
鈴木 勘太,勘太,鈴木,male
荒川 栞奈,栞奈,荒川,female
八木沢 空飛,空飛,八木沢,male
後藤 海,海,後藤,male
小泉 信織,信織,小泉,male
伊藤 紫苑,紫苑,伊藤,female
押野 空色,空色,押野,male
五味 結,結,五味,male
熊谷 光秀,光秀,熊谷,male
赤城 楓,楓,赤城,female
堀内 虎羽,虎羽,堀内,male
前田 護,護,前田,male
緒方 名樹,名樹,緒方,male
安田 蒼乃子,蒼乃子,安田,female
岡本 史,史,岡本,female
中村 虎羽,虎羽,中村,male
小林 沙月,沙月,小林,female
岡田 和也,和也,岡田,male
若原 七加,七加,若原,female
鈴木 友和,友和,鈴木,male
日高 天羽,天羽,日高,male
川崎 秋邦,秋邦,川崎,male
坂下 貴雄,貴雄,坂下,male
池田 冬一郎,冬一郎,池田,male
佐伯 和雪,和雪,佐伯,male
青田 徳彦,徳彦,青田,male
津川 雅久,雅久,津川,male
大竹 葵咲,葵咲,大竹,female
野崎 岳,岳,野崎,male
小松原 龍之介,龍之介,小松原,male
中野 涼太,涼太,中野,male
黒川 弥衣子,弥衣子,黒川,female
菅原 玄稀,玄稀,菅原,male
堀内 桜,桜,堀内,female
大藪 龍生,龍生,大藪,male
船越 千春,千春,船越,male
安藤 啓之助,啓之助,安藤,male
島 竜馬,竜馬,島,male
塩澤 勇士,勇士,塩澤,male
泉 秋士朗,秋士朗,泉,male
田中 琴都美,琴都美,田中,female
土田 指揮,指揮,土田,male
下島 凛子,凛子,下島,female
浜田 要,要,浜田,female
稲垣 澄辰,澄辰,稲垣,male
石塚 大夏,大夏,石塚,male
大久保 想希,想希,大久保,male
中山 藤子,藤子,中山,female
飯村 成冬,成冬,飯村,male
斉藤 康史郎,康史郎,斉藤,male
加田 尊,尊,加田,male
大和 陽介,陽介,大和,male
福嶋 尊,尊,福嶋,male
高橋 佳乃子,佳乃子,高橋,female
鈴木 凛,凛,鈴木,female
堀 護,護,堀,male
田中 葵,葵,田中,female
加藤 海凪,海凪,加藤,female
有坂 真白,真白,有坂,female
並木 仁,仁,並木,male
日高 灯花,灯花,日高,female
有岡 勇士,勇士,有岡,male
福田 麻姫,麻姫,福田,female
池田 寛次郎,寛次郎,池田,male
西本 かすみ,かすみ,西本,female
萩原 孝次郎,孝次郎,萩原,male
福井 景,景,福井,female
田村 彩,彩,田村,female
水谷 蘭,蘭,水谷,female
小林 葵日夏,葵日夏,小林,female
小林 桜,桜,小林,female
佐竹 菜子,菜子,佐竹,female
吉田 景子,景子,吉田,female
配島 雄大,雄大,配島,male
田原 成冬,成冬,田原,male
城間 晶,晶,城間,female
丹羽 錦,錦,丹羽,male
川合 文美,文美,川合,female
古村 冬英,冬英,古村,male
笠原 空太,空太,笠原,male
中村 賢人,賢人,中村,male
鈴木 花奈,花奈,鈴木,female
大久保 樹,樹,大久保,male
前田 月陽,月陽,前田,female
渡辺 大夏,大夏,渡辺,male
永田 天,天,永田,male
松谷 昭春,昭春,松谷,male
土谷 葵羽,葵羽,土谷,female
山口 鈴美玲,鈴美玲,山口,female
田村 夏明,夏明,田村,male
高田 希心,希心,高田,female
中川 忍乃,忍乃,中川,female
橋本 春花,春花,橋本,female
上野 信織,信織,上野,male
豊田 友春,友春,豊田,male
小沼 陽太,陽太,小沼,male
柳沢 空明,空明,柳沢,male
松村 紗栄子,紗栄子,松村,female
清水 櫂聖,櫂聖,清水,male
小谷 穂花,穂花,小谷,female
青木 光矢,光矢,青木,male
前田 冬樹,冬樹,前田,male
上木 和雪,和雪,上木,male
佐々木 士,士,佐々木,male
佐藤 丈,丈,佐藤,male
石井 季心,季心,石井,female
須田 実緒,実緒,須田,female
池田 伸春,伸春,池田,male
中野 真白,真白,中野,female
吉原 卯乃葉,卯乃葉,吉原,female
伊藤 篤美,篤美,伊藤,female
林田 彩有里,彩有里,林田,female
佐藤 椿,椿,佐藤,female
白井 初樹,初樹,白井,male
吉原 柊月,柊月,吉原,female
中田 豊夏,豊夏,中田,male
阿部 厚雪,厚雪,阿部,male
小島 那月,那月,小島,female
遠藤 桜,桜,遠藤,female
吉岡 葵羽,葵羽,吉岡,female
深井 葵咲,葵咲,深井,female
岸本 拓真,拓真,岸本,male
宮田 風澄,風澄,宮田,female
河野 成冬,成冬,河野,male
岩田 灯花,灯花,岩田,female
西田 秋三,秋三,西田,male
中司 聖音,聖音,中司,female
奧田 千菜美,千菜美,奧田,female
宮澤 彩有里,彩有里,宮澤,female
佐藤 奏海,奏海,佐藤,female
高田 百華,百華,高田,female
川端 翔,翔,川端,male
北上 楓佳,楓佳,北上,female
三浦 桜,桜,三浦,female
山本 果七,果七,山本,female
久保田 信生,信生,久保田,male
佐々木 和泉,和泉,佐々木,female
武藤 冴希,冴希,武藤,male
藤原 信織,信織,藤原,male
中田 湊海,湊海,中田,male
西條 里海,里海,西條,male
阿比留 翼,翼,阿比留,male
篠原 和葉,和葉,篠原,female
古瀬 紀子,紀子,古瀬,female
長田 百華,百華,長田,female
三浦 美聖,美聖,三浦,female
寺田 春道,春道,寺田,male
高橋 千代,千代,高橋,female
栗原 李桜,李桜,栗原,male
竹内 初樹,初樹,竹内,male
近藤 玲男,玲男,近藤,male
新藤 蔵之助,蔵之助,新藤,male
永井 実緒,実緒,永井,female
菊地 冬崇,冬崇,菊地,male
和田 啓志,啓志,和田,male
寺田 奏海,奏海,寺田,female
土屋 光,光,土屋,male
武田 天音,天音,武田,female
山口 湊海,湊海,山口,female
古賀 櫂聖,櫂聖,古賀,male
工藤 聡,聡,工藤,male
長谷川 慶,慶,長谷川,male
鈴木 月実,月実,鈴木,female
出口 結,結,出口,male
岩沢 柚季,柚季,岩沢,female
佐々木 和佳,和佳,佐々木,female
吉田 桜,桜,吉田,female
石橋 厚雪,厚雪,石橋,male
村崎 結,結,村崎,male
米田 成生,成生,米田,male
阪野 夏一,夏一,阪野,male
山崎 睦月,睦月,山崎,female
石橋 幹二郎,幹二郎,石橋,male
田中 信史,信史,田中,male
江原 悠人,悠人,江原,male
堀 光,光,堀,male
橋詰 凛輔,凛輔,橋詰,male
福島 成冬,成冬,福島,male
平松 沙月,沙月,平松,female
渡辺 衣吹季,衣吹季,渡辺,male
井上 潮流,潮流,井上,male
木下 奏海,奏海,木下,female
井戸 彩芽,彩芽,井戸,female
森谷 信生,信生,森谷,male
神谷 翔太,翔太,神谷,male
兼子 稜介,稜介,兼子,male
岡部 菜子,菜子,岡部,female
湯浅 秋里,秋里,湯浅,male
長谷川 陽生,陽生,長谷川,male
長田 秋常,秋常,長田,male
井上 和雪,和雪,井上,male
沓沢 明花音,明花音,沓沢,female
酒見 瑞穂,瑞穂,酒見,female
池田 秋穂,秋穂,池田,female
川原 咲世,咲世,川原,female
谷口 尊,尊,谷口,male
松崎 朱美玲,朱美玲,松崎,female
西 園子,園子,西,female
西谷 沙衣花,沙衣花,西谷,female
遠藤 隼,隼,遠藤,male
喜多 雛子,雛子,喜多,female
小椋 小雪,小雪,小椋,female
三原 小次郎,小次郎,三原,male
柳沼 唯,唯,柳沼,female
中武 珠季,珠季,中武,female
上田 明羽,明羽,上田,male
栃木 柊翔,柊翔,栃木,male
松島 円,円,松島,female
津久井 夏明,夏明,津久井,male
中内 沙世子,沙世子,中内,female
菊永 葵日夏,葵日夏,菊永,female
森山 龍弥,龍弥,森山,male
鈴木 花奈,花奈,鈴木,female
及川 春道,春道,及川,male
小林 千代,千代,小林,female
武田 香奈,香奈,武田,female
山内 大河,大河,山内,male
赤羽 慶,慶,赤羽,male
佐々木 和音,和音,佐々木,female
落合 信生,信生,落合,male
川東 秋雪,秋雪,川東,male
三上 秋士朗,秋士朗,三上,male
大内 一颯,一颯,大内,male
竹内 衣吹季,衣吹季,竹内,male
小林 梓咲,梓咲,小林,female
大橋 花耶,花耶,大橋,female
丸山 陽雄,陽雄,丸山,male
秋葉 ゆき,ゆき,秋葉,female
蜂須賀 彩芽,彩芽,蜂須賀,female
矢部 成冬,成冬,矢部,male
大森 倉之助,倉之助,大森,male
榎本 桐,桐,榎本,female
塚本 龍生,龍生,塚本,male
小西 夏海人,夏海人,小西,male
小森 史男,史男,小森,male
竹村 弓,弓,竹村,female
岩崎 忠雪,忠雪,岩崎,male
荒井 伸春,伸春,荒井,male
山口 恭子,恭子,山口,female
百田 有桜,有桜,百田,female
田村 公太郎,公太郎,田村,male
菊地 秋穂,秋穂,菊地,female
望月 翔,翔,望月,male
池田 忠雪,忠雪,池田,male
村山 龍馬,龍馬,村山,male
小川 李桜,李桜,小川,male
大宮 恭子,恭子,大宮,female
高井 白音,白音,高井,female
小林 桜雅,桜雅,小林,male
水野 雄大,雄大,水野,male
鈴木 有可里,有可里,鈴木,female
三浦 琥大,琥大,三浦,male
松田 史乃,史乃,松田,female
笹岡 稜介,稜介,笹岡,male
清水 実,実,清水,female
室谷 初樹,初樹,室谷,male
杉山 日登,日登,杉山,male
高橋 穂高,穂高,高橋,female
高橋 夏空,夏空,高橋,male
辻川 奈藤,奈藤,辻川,female
大河原 海人,海人,大河原,male
東 美鈴,美鈴,東,female
中野 夏太,夏太,中野,male
大西 里海,里海,大西,male
高橋 海老蔵,海老蔵,高橋,male
成田 律子,律子,成田,female
西原 咲耶,咲耶,西原,female
横井 織信,織信,横井,male
森田 飛海,飛海,森田,male
中野 秋雪,秋雪,中野,male
榎本 華美,華美,榎本,female
柴田 葵羽,葵羽,柴田,female
杉原 小夏,小夏,杉原,female
古賀 未由来,未由来,古賀,female
宇津木 秋雪,秋雪,宇津木,male
小野 百,百,小野,female
宇佐見 氷翠,氷翠,宇佐見,female
池田 湊,湊,池田,female
島田 織,織,島田,female
畑中 春太,春太,畑中,male
守安 琴都美,琴都美,守安,female
木下 紫穂子,紫穂子,木下,female
福田 凛太朗,凛太朗,福田,male
久岡 悠飛,悠飛,久岡,male
水戸 征史郎,征史郎,水戸,male
岡野 晶,晶,岡野,female
木下 信次郎,信次郎,木下,male
米本 咲久耶,咲久耶,米本,female
大川 弓,弓,大川,female
斉藤 空飛,空飛,斉藤,male
神山 飛人,飛人,神山,male
大石 秋岳,秋岳,大石,male
野口 芹加,芹加,野口,female
蓮見 龍,龍,蓮見,male
浅見 日南太,日南太,浅見,male
野上 冷夢,冷夢,野上,female
中塚 織,織,中塚,female
竹内 初樹,初樹,竹内,male
小川 梨花,梨花,小川,female
浜田 友春,友春,浜田,male
田井 瀧之介,瀧之介,田井,male
宮崎 智,智,宮崎,male
今井 明日菜,明日菜,今井,female
長部 冬華,冬華,長部,female
関谷 栞奈,栞奈,関谷,female
阿部 穂高,穂高,阿部,female
佐藤 花陽,花陽,佐藤,female
市川 皐,皐,市川,female
石塚 冬雪,冬雪,石塚,male
丸山 郁乃,郁乃,丸山,female
下田 穂澄,穂澄,下田,female
佐藤 孝史郎,孝史郎,佐藤,male
宮沢 湊,湊,宮沢,male
江口 江莉香,江莉香,江口,female
田中 希生,希生,田中,male
郡司 知歌,知歌,郡司,female
黒川 良羽,良羽,黒川,male
白崎 尊,尊,白崎,male
伊藤 涼佳,涼佳,伊藤,female
佐貫 佳代,佳代,佐貫,female
岡本 舞雪,舞雪,岡本,female
吉田 和也,和也,吉田,male
佐藤 憲,憲,佐藤,male
柏崎 楓,楓,柏崎,female
大沼 守,守,大沼,male
小林 柊月,柊月,小林,female
山口 千早,千早,山口,female
坂上 希子,希子,坂上,female
原 霞美,霞美,原,female
桂 楓乃,楓乃,桂,female
林田 希生,希生,林田,male
上嶋 光,光,上嶋,male
斎藤 紅葉,紅葉,斎藤,female
吉野 律連,律連,吉野,female
本田 日登,日登,本田,male
平井 澪,澪,平井,female
大野 桜,桜,大野,female
松下 豊人,豊人,松下,male
村上 浩介,浩介,村上,male
奧村 和佳,和佳,奧村,female
稲川 昴,昴,稲川,male
中山 津由,津由,中山,female
配島 徳人,徳人,配島,male
馬場 陽葵,陽葵,馬場,female
井上 千沙都,千沙都,井上,female
本多 空,空,本多,male
及川 和葉,和葉,及川,female
小塩 成冬,成冬,小塩,male
藤岡 竜介,竜介,藤岡,male
高橋 香奈,香奈,高橋,female
工藤 薫,薫,工藤,male
三戸 花乃,花乃,三戸,female
菅原 豊清,豊清,菅原,male
管野 仁歌,仁歌,管野,female
森口 明花音,明花音,森口,female
高原 蒼羽,蒼羽,高原,male
阿部 琥大,琥大,阿部,male
向井 騎士,騎士,向井,male
西 慶,慶,西,male
榎本 涼太,涼太,榎本,male
加部 温英,温英,加部,male
渡辺 龍弥,龍弥,渡辺,male
平川 園子,園子,平川,female
渥美 彩,彩,渥美,female
武田 陽子,陽子,武田,female
木野 紗栄子,紗栄子,木野,female
渡辺 広紀,広紀,渡辺,male
森 孝史郎,孝史郎,森,male
新田 虎,虎,新田,male
田中 陽葵,陽葵,田中,female
佐藤 柑奈,柑奈,佐藤,female
宮本 秋親,秋親,宮本,male
山田 卯乃葉,卯乃葉,山田,female
伊藤 冬也,冬也,伊藤,male
三沢 文美,文美,三沢,female
和田 青翔,青翔,和田,male
小島 良羽,良羽,小島,male
平野 弥子,弥子,平野,female
武田 陽生,陽生,武田,male
岡村 実梨,実梨,岡村,female
三須 葵日夏,葵日夏,三須,female
川野 秋雪,秋雪,川野,male
木元 雛乃,雛乃,木元,female
山元 空飛,空飛,山元,male
増田 聡,聡,増田,male
浦野 椿,椿,浦野,female
末廣 康史郎,康史郎,末廣,male
相良 龍人,龍人,相良,male
矢ケ部 春昴,春昴,矢ケ部,male
菅野 春,春,菅野,female
加藤 梨花,梨花,加藤,female
越後 光矢,光矢,越後,male
山内 仁,仁,山内,male
大浜 良羽,良羽,大浜,male
杉浦 撫子,撫子,杉浦,female
上野 実,実,上野,female
沢田 和也,和也,沢田,male
伊藤 秋貴,秋貴,伊藤,male
中森 茜,茜,中森,female
大江 百,百,大江,female
金 力,力,金,male
広江 護,護,広江,male
菊池 春花,春花,菊池,female
小川 秋雪,秋雪,小川,male
岩崎 海凪,海凪,岩崎,female
中川 秋継,秋継,中川,male
村上 啓志,啓志,村上,male
武田 唯,唯,武田,female
松山 夕凪,夕凪,松山,female
岩間 城,城,岩間,male
寺沢 幸,幸,寺沢,female
福井 尊士,尊士,福井,male
木下 寛次郎,寛次郎,木下,male
岩淵 徳彦,徳彦,岩淵,male
武市 あおい,あおい,武市,female
野澤 一華,一華,野澤,female
渡部 章介,章介,渡部,male
堀川 昇,昇,堀川,male
吉岡 咲,咲,吉岡,female
南出 月奈,月奈,南出,female
中野 李桜,李桜,中野,male
柴田 明日香,明日香,柴田,female
佐伯 指揮,指揮,佐伯,male
田所 菊之輔,菊之輔,田所,male
吉江 賢人,賢人,吉江,male
平野 月花,月花,平野,female
足立 千代乃,千代乃,足立,female
中島 知歌,知歌,中島,female
大崎 香織,香織,大崎,female
花谷 州稀,州稀,花谷,male
福原 秋紀,秋紀,福原,male
佐藤 元気,元気,佐藤,male
上野 隼,隼,上野,male
曾我 匠,匠,曾我,male
佐藤 夏海人,夏海人,佐藤,male
橋爪 菊次郎,菊次郎,橋爪,male
富沢 恭,恭,富沢,female
横浜 太子,太子,横浜,male
田中 明日香,明日香,田中,female
柏谷 澄辰,澄辰,柏谷,male
当真 蒼佑,蒼佑,当真,male
高島 清之助,清之助,高島,male
白井 冬雪,冬雪,白井,male
金井 光,光,金井,male
橋本 春雄,春雄,橋本,male
藤城 幹二郎,幹二郎,藤城,male
大沢 藤子,藤子,大沢,female
足立 藍,藍,足立,female
常田 静香,静香,常田,female
長坂 名樹,名樹,長坂,male
山本 仁,仁,山本,male
関根 秋登,秋登,関根,male
真山 鈴音,鈴音,真山,female
島岡 慶,慶,島岡,male
高岩 春雄,春雄,高岩,male
松本 楓乃,楓乃,松本,female
西山 江莉香,江莉香,西山,female
森山 凜桜,凜桜,森山,female
中島 風澄,風澄,中島,female
青木 秋成,秋成,青木,male
伊藤 織人,織人,伊藤,male
水流 柊翔,柊翔,水流,male
小貫 杏子,杏子,小貫,female
岡本 冬磨,冬磨,岡本,male
村上 秋桜,秋桜,村上,female
原田 帆希,帆希,原田,female
神宮 睦,睦,神宮,female
真壁 薫,薫,真壁,male
堀井 栞,栞,堀井,female
海江田 雅久,雅久,海江田,male
中根 騎士,騎士,中根,male
芳賀 勘太,勘太,芳賀,male
長尾 影来,影来,長尾,male
平野 蓮華,蓮華,平野,female
小久保 瑞穂,瑞穂,小久保,female
広本 茂,茂,広本,male
川井 月奈,月奈,川井,female
梅崎 小羽子,小羽子,梅崎,female
斎藤 未由来,未由来,斎藤,female
田中 美聖,美聖,田中,female
工藤 信生,信生,工藤,male
田辺 信史,信史,田辺,male
高橋 拓真,拓真,高橋,male
今泉 慶,慶,今泉,male
島田 広紀,広紀,島田,male
脇田 飛人,飛人,脇田,male
相良 涼季,涼季,相良,male
宮永 孝生,孝生,宮永,male
名倉 雪華,雪華,名倉,female
川上 雪華,雪華,川上,female
平田 弥子,弥子,平田,female
竹澤 玄稀,玄稀,竹澤,male
大平 樹,樹,大平,male
野々村 竜介,竜介,野々村,male
山本 沙蘭,沙蘭,山本,female
村尾 巴,巴,村尾,female
奥野 紅葉,紅葉,奥野,female
武田 仁,仁,武田,male
山崎 那月,那月,山崎,female
柴田 空太,空太,柴田,male
奥野 有羽季,有羽季,奥野,female
河野 青翔,青翔,河野,male
見 葵日夏,葵日夏,見,female
佐藤 冴,冴,佐藤,female
大久保 温英,温英,大久保,male
中尾 佳乃子,佳乃子,中尾,female
東 一華,一華,東,female
岡本 颯,颯,岡本,male
野村 七加,七加,野村,female
木村 秋海,秋海,木村,male
椎名 千沙都,千沙都,椎名,female
安井 力,力,安井,male
高野 一華,一華,高野,female
高橋 正和,正和,高橋,male
福永 士彦,士彦,福永,male
笹崎 寧々,寧々,笹崎,female
馬渕 透子,透子,馬渕,female
古野 尊,尊,古野,male
木村 和雪,和雪,木村,male
山田 智士,智士,山田,male
岸本 夏明,夏明,岸本,male
上野 夏蓮,夏蓮,上野,female
近藤 葵日夏,葵日夏,近藤,female
岸本 友春,友春,岸本,male
涌井 葵,葵,涌井,female
渡会 知歌,知歌,渡会,female
遠山 源,源,遠山,male
浜本 士,士,浜本,male
松永 実梨,実梨,松永,female
目黒 沙世子,沙世子,目黒,female
北林 日向,日向,北林,female
宮崎 莉子,莉子,宮崎,female
中沢 楓,楓,中沢,female
緑川 高貴,高貴,緑川,male
松浦 海老蔵,海老蔵,松浦,male
東浦 日南太,日南太,東浦,male
井上 清香,清香,井上,female
中島 武玄,武玄,中島,male
瀬川 晴,晴,瀬川,male
山下 尊士,尊士,山下,male
稲垣 健斗,健斗,稲垣,male
西垣 弓実,弓実,西垣,female
永野 虎飛,虎飛,永野,male
石川 空悟,空悟,石川,male
浜崎 桜,桜,浜崎,female
三神 寛祐,寛祐,三神,male
岸 陽子,陽子,岸,female
丹羽 冬己,冬己,丹羽,male
工藤 瑞穂,瑞穂,工藤,female
高橋 玲維,玲維,高橋,female
加藤 奏,奏,加藤,female
松本 ゆき,ゆき,松本,female
田中 咲耶,咲耶,田中,female
及川 皐,皐,及川,female
大槻 巳空,巳空,大槻,male
川久保 花奈,花奈,川久保,female
宮内 空良,空良,宮内,male
安福 凜,凜,安福,female
吉本 唯花,唯花,吉本,female
渋谷 陽介,陽介,渋谷,male
湊 龍馬,龍馬,湊,male
水口 高空,高空,水口,male
田口 史緒里,史緒里,田口,female
石井 修,修,石井,male
山崎 芳佳,芳佳,山崎,female
根岸 明羽,明羽,根岸,male
小野 藤子,藤子,小野,female
波多江 夕弦,夕弦,波多江,male
五十嵐 友梨乃,友梨乃,五十嵐,female
大屋 日南太,日南太,大屋,male
大槻 匠,匠,大槻,male
北野 桜子,桜子,北野,female
小林 明日夏,明日夏,小林,male
橋爪 新音,新音,橋爪,female
石井 遥夏,遥夏,石井,male
藤田 主冴,主冴,藤田,male
星野 桃李,桃李,星野,female
岩渕 梨花,梨花,岩渕,female
前沢 景子,景子,前沢,female
丹羽 柊伍,柊伍,丹羽,male
黒田 慶,慶,黒田,male
尾関 千代乃,千代乃,尾関,female
古口 澄辰,澄辰,古口,male
矢田 遥日,遥日,矢田,female
西村 飛人,飛人,西村,male
志田 信生,信生,志田,male
伊藤 百華,百華,伊藤,female
高橋 妃梨,妃梨,高橋,female
薄井 凛輔,凛輔,薄井,male
高沢 秋継,秋継,高沢,male
首藤 冬雪,冬雪,首藤,male
佐藤 彩春,彩春,佐藤,female
大島 柊月,柊月,大島,female
森下 拓実,拓実,森下,male
玉置 雅己,雅己,玉置,male
穴田 咲花,咲花,穴田,female
柏木 康史郎,康史郎,柏木,male
前田 卯月,卯月,前田,female
鈴木 源,源,鈴木,male
山口 尊士,尊士,山口,male
鈴木 一華,一華,鈴木,female
石内 翔耀,翔耀,石内,male
渡辺 紫織,紫織,渡辺,female
岩崎 春絵,春絵,岩崎,female
大串 実,実,大串,female
貴志 百,百,貴志,female
野田 文,文,野田,female
篠原 潮流,潮流,篠原,male
倉持 尊人,尊人,倉持,male
永田 爽子,爽子,永田,female
山下 紫織,紫織,山下,female
石井 秋忠,秋忠,石井,male
松本 和雪,和雪,松本,male
高津 丈,丈,高津,male
長嶺 日和,日和,長嶺,female
古村 梓咲,梓咲,古村,female
野田 伸春,伸春,野田,male
横山 丈,丈,横山,male
森 秋岳,秋岳,森,male
川瀬 蔵之介,蔵之介,川瀬,male
山崎 藍,藍,山崎,female
重松 徳人,徳人,重松,male
川上 琴都美,琴都美,川上,female
木内 恭,恭,木内,female
原 千風由,千風由,原,female
松下 澄秋,澄秋,松下,male
角 楓乃,楓乃,角,female
服部 弥,弥,服部,male
早川 沙季歩,沙季歩,早川,female
伊藤 征史郎,征史郎,伊藤,male
堀之内 辰巳,辰巳,堀之内,female
丸山 尊,尊,丸山,male
杉山 温英,温英,杉山,male
中山 莉津華,莉津華,中山,female
中野 初,初,中野,female
浜田 日登,日登,浜田,male
坂尾 空和,空和,坂尾,male
太田 冴希,冴希,太田,male
山本 孝生,孝生,山本,male
村中 日和,日和,村中,female
玉野 和音,和音,玉野,female
佐藤 小町,小町,佐藤,female
戸田 聖,聖,戸田,male
水野 拓海,拓海,水野,male
小池 知美,知美,小池,female
森谷 霞美,霞美,森谷,female
山本 高空,高空,山本,male
権田 樹,樹,権田,male
荒井 寛祐,寛祐,荒井,male
渡辺 美久里,美久里,渡辺,female
井上 力,力,井上,male
川崎 華美,華美,川崎,female
小野田 冬磨,冬磨,小野田,male
宮城 陽生,陽生,宮城,male
木村 麻衣,麻衣,木村,female
小川 昇,昇,小川,male
長澤 樹,樹,長澤,male
伊藤 天空,天空,伊藤,male
石堂 香奈,香奈,石堂,female
藤本 涼太,涼太,藤本,male
谷崎 弓,弓,谷崎,female
井上 一華,一華,井上,female
望月 岳,岳,望月,male
矢沢 希子,希子,矢沢,female
杉 光秀,光秀,杉,male
小宮山 澪,澪,小宮山,female
近藤 巳空,巳空,近藤,male
片山 雅楽,雅楽,片山,male
増田 杏子,杏子,増田,female
志田 秋穂,秋穂,志田,female
平松 空飛,空飛,平松,male
黒河 夏明,夏明,黒河,male
北出 千沙都,千沙都,北出,female
高橋 悠飛,悠飛,高橋,male
南 葵羽,葵羽,南,female
竹井 慶二郎,慶二郎,竹井,male
浜野 月稀乃,月稀乃,浜野,female
足立 拓真,拓真,足立,male
鎌田 太子,太子,鎌田,male
竹村 菊之輔,菊之輔,竹村,male
成田 京子,京子,成田,female
栗島 空斗,空斗,栗島,male
山口 海音,海音,山口,female
北森 冬雪,冬雪,北森,male
市場 初志,初志,市場,male
櫛引 成冬,成冬,櫛引,male
谷 景子,景子,谷,female
吉永 海星,海星,吉永,male
菅野 征史郎,征史郎,菅野,male
奥野 潮流,潮流,奥野,male
小竹 紗栄子,紗栄子,小竹,female
三輪 柑奈,柑奈,三輪,female
北村 信織,信織,北村,male
杉江 満,満,杉江,female
酒井 州稀,州稀,酒井,male
高橋 翔太,翔太,高橋,male
春木 正稀,正稀,春木,male
永井 夏樹,夏樹,永井,male
三浦 京子,京子,三浦,female
浪川 はづき,はづき,浪川,female
黒部 雅己,雅己,黒部,male
伊東 憲,憲,伊東,male
黒沢 琴乃,琴乃,黒沢,female
小林 月彦,月彦,小林,male
山内 めぐみ,めぐみ,山内,female
佐々木 結,結,佐々木,male
山口 依央奈,依央奈,山口,female
藤村 湊海,湊海,藤村,male
大畑 守,守,大畑,male
浜田 夏海人,夏海人,浜田,male
新藤 淳,淳,新藤,male
舟山 春絵,春絵,舟山,female
栗山 信生,信生,栗山,male
岡山 千秋,千秋,岡山,female
吉田 空斗,空斗,吉田,male
木下 海,海,木下,female
清水 唯,唯,清水,female
徳永 沙蘭,沙蘭,徳永,female
中村 芹加,芹加,中村,female
今井 冴希,冴希,今井,male
石井 玲男,玲男,石井,male
古川 彩芽,彩芽,古川,female
大森 睦,睦,大森,female
鈴木 花乃,花乃,鈴木,female
上田 桜,桜,上田,female
武井 巴江,巴江,武井,female
山本 翔太,翔太,山本,male
大原 貴雄,貴雄,大原,male
小沢 海美,海美,小沢,female
磯野 若菜,若菜,磯野,female
大橋 龍馬,龍馬,大橋,male
伊藤 ゆき,ゆき,伊藤,female
吉川 海,海,吉川,female
岡部 海美,海美,岡部,female
落合 尊人,尊人,落合,male
塙 景依,景依,塙,female
斎藤 昴,昴,斎藤,male
瀬戸 海星,海星,瀬戸,male
稲田 冬仁,冬仁,稲田,male
鈴木 花奈,花奈,鈴木,female
原 天馬,天馬,原,male
馬渕 梗花,梗花,馬渕,female
大塚 温,温,大塚,male
草野 冬磨,冬磨,草野,male
小池 芳佳,芳佳,小池,female
石塚 颯,颯,石塚,male
平良 夏蓮,夏蓮,平良,female
加藤 夏都,夏都,加藤,female
岡崎 源,源,岡崎,male
川越 唯花,唯花,川越,female
山口 唯翔,唯翔,山口,male
大島 天,天,大島,male
福澤 良羽,良羽,福澤,male
片山 紅,紅,片山,female
関根 典夫,典夫,関根,male
清水 心,心,清水,male
岡田 皐月,皐月,岡田,female
橋詰 有羽季,有羽季,橋詰,female
設楽 飛人,飛人,設楽,male
米沢 清春,清春,米沢,male
阪野 信二,信二,阪野,male
熊野 大河,大河,熊野,male
松井 凛子,凛子,松井,female
田村 蔵之助,蔵之助,田村,male
川村 花奈,花奈,川村,female
鈴木 春海,春海,鈴木,male
片田 月実,月実,片田,female
石綿 陽太,陽太,石綿,male
安達 優雅,優雅,安達,male
八木 舞雪,舞雪,八木,female
木田 秋親,秋親,木田,male
中村 千春,千春,中村,male
広沢 菓,菓,広沢,female
柳沢 柊咲,柊咲,柳沢,female
伊藤 飛,飛,伊藤,male
長谷部 孝次郎,孝次郎,長谷部,male
田村 澄辰,澄辰,田村,male
米田 忍乃,忍乃,米田,female
大塚 和泉,和泉,大塚,female
寺田 伊織,伊織,寺田,female
江原 春海,春海,江原,male
宮下 梗花,梗花,宮下,female
太田 大雅,大雅,太田,male
室谷 空飛,空飛,室谷,male
田口 玲丞,玲丞,田口,male
春日 奏海,奏海,春日,female
松島 作二郎,作二郎,松島,male
青木 花蓮,花蓮,青木,female
久田 薫,薫,久田,male
勝俣 征史郎,征史郎,勝俣,male
坂上 凜,凜,坂上,female
堀 莉子,莉子,堀,female
山口 明花音,明花音,山口,female
松尾 玲丞,玲丞,松尾,male
藤枝 秋三,秋三,藤枝,male
岩崎 佳代,佳代,岩崎,female
中川 信織,信織,中川,male
中川 睦,睦,中川,female
福永 仁,仁,福永,male
吉田 輝冬,輝冬,吉田,male
鶴田 龍人,龍人,鶴田,male
平田 護,護,平田,male
大滝 百,百,大滝,female
和田 秋三,秋三,和田,male
西岡 千代,千代,西岡,female
山口 紬,紬,山口,female
植木 秋三,秋三,植木,male
本木 蔵之介,蔵之介,本木,male
山崎 茜,茜,山崎,female
中野 千秋,千秋,中野,female
神野 葵咲,葵咲,神野,female
森田 卯乃葉,卯乃葉,森田,female
清水 加奈子,加奈子,清水,female
本橋 大夏,大夏,本橋,male
高本 真白,真白,高本,female
五藤 高昊,高昊,五藤,male
斉藤 秋継,秋継,斉藤,male
竹川 章介,章介,竹川,male
吉田 千秋,千秋,吉田,female
鳥井 明日夏,明日夏,鳥井,male
木村 温,温,木村,male
中野 竜馬,竜馬,中野,male
田中 藍,藍,田中,female
山根 爽子,爽子,山根,female
中本 舞雪,舞雪,中本,female
村田 和葉,和葉,村田,female
高橋 蒼羽,蒼羽,高橋,male
堤 春俊,春俊,堤,male
柳井 州稀,州稀,柳井,male
梅本 巴,巴,梅本,female
青山 桜良,桜良,青山,female
小西 櫂聖,櫂聖,小西,male
内野 史緒里,史緒里,内野,female
長谷川 帆希,帆希,長谷川,female
増田 紬,紬,増田,female
高柳 萩作,萩作,高柳,male
田中 めぐみ,めぐみ,田中,female
浅田 丈,丈,浅田,male
大西 湊,湊,大西,male
本多 紫織,紫織,本多,female
猪野 景子,景子,猪野,female
鈴木 青空,青空,鈴木,male
岩橋 美鈴,美鈴,岩橋,female
田中 風澄,風澄,田中,female
鳥海 梗花,梗花,鳥海,female
森川 高昊,高昊,森川,male
土井 大河,大河,土井,male
玉置 杏菜,杏菜,玉置,female
大久保 友和,友和,大久保,male
金川 京士郎,京士郎,金川,male
上村 芳佳,芳佳,上村,female
小宮山 紫穂子,紫穂子,小宮山,female
北林 暢介,暢介,北林,male
吉村 新介,新介,吉村,male
加藤 聖涼,聖涼,加藤,male
柳 涼翔,涼翔,柳,male
関 伊桜里,伊桜里,関,female
伊藤 花乃,花乃,伊藤,female
永田 珠季,珠季,永田,female
久我 空色,空色,久我,male
中尾 空,空,中尾,male
奈須 夏都,夏都,奈須,female
渡辺 奈藤,奈藤,渡辺,female
田村 淳,淳,田村,male
鈴木 高昊,高昊,鈴木,male
松尾 青空,青空,松尾,male
大森 澄秋,澄秋,大森,male
金沢 月陽,月陽,金沢,female
町田 葵,葵,町田,female
伊地知 律子,律子,伊地知,female
宮地 雅久,雅久,宮地,male
武藤 依央奈,依央奈,武藤,female
斎藤 輝,輝,斎藤,male
山本 春絵,春絵,山本,female
菊地 稜介,稜介,菊地,male
山岡 千颯,千颯,山岡,male
中原 千風由,千風由,中原,female
伊藤 明日夏,明日夏,伊藤,male
石山 一颯,一颯,石山,male
田中 かすみ,かすみ,田中,female
熊谷 杏子,杏子,熊谷,female
上村 青空,青空,上村,male
山上 桜,桜,山上,female
天野 豊夏,豊夏,天野,male
藤塚 美聖,美聖,藤塚,female
川辺 陽太,陽太,川辺,male
逸見 聖,聖,逸見,male
吉川 弥子,弥子,吉川,female
小林 孝生,孝生,小林,male
後藤 龍弥,龍弥,後藤,male
国沢 悠人,悠人,国沢,male
大崎 椋子,椋子,大崎,female
今田 希心,希心,今田,female
新居 昭春,昭春,新居,male
石田 栞,栞,石田,female
中村 史,史,中村,female
吉本 梗花,梗花,吉本,female
麻生 市華,市華,麻生,female
布目 厚雪,厚雪,布目,male
小林 杏子,杏子,小林,female
茂木 那月,那月,茂木,female
佐野 修,修,佐野,male
岩島 海星,海星,岩島,male
岩波 青翔,青翔,岩波,male
道上 成,成,道上,female
後藤 都子,都子,後藤,female
折笠 秋桜,秋桜,折笠,female
長谷川 冴希,冴希,長谷川,male
佐藤 春,春,佐藤,female
上原 芽衣,芽衣,上原,female
二ノ宮 穂風,穂風,二ノ宮,male
高橋 寧々,寧々,高橋,female
渡部 光矢,光矢,渡部,male
沖田 輝,輝,沖田,male
山岸 春日,春日,山岸,female
野見山 貴雄,貴雄,野見山,male
岡村 成冬,成冬,岡村,male
中川 聖音,聖音,中川,female
石垣 伊万里,伊万里,石垣,female
照沼 秋三,秋三,照沼,male
小川 篤美,篤美,小川,female
小田切 柑奈,柑奈,小田切,female
山川 雪菜,雪菜,山川,female
武藤 涼翔,涼翔,武藤,male
熊木 湊海,湊海,熊木,male
吉村 和飛,和飛,吉村,male
藤本 勇士,勇士,藤本,male
斉藤 景,景,斉藤,female
五十嵐 彩有里,彩有里,五十嵐,female
渡辺 天,天,渡辺,male
小林 百合,百合,小林,female
斎藤 和佐,和佐,斎藤,female
柴山 冬若華,冬若華,柴山,female
南沢 春俊,春俊,南沢,male
野川 皐,皐,野川,female
小沢 明日夏,明日夏,小沢,male
勝又 咲久耶,咲久耶,勝又,female
武田 冷奈,冷奈,武田,female
大下 律連,律連,大下,female
菊池 銀河,銀河,菊池,male
森田 古都子,古都子,森田,female
清水 成生,成生,清水,male
増田 唯花,唯花,増田,female
吉田 穂高,穂高,吉田,female
入江 奈藤,奈藤,入江,female
上野 和人,和人,上野,male
西 海,海,西,female
田中 星奈,星奈,田中,female
寺田 飛,飛,寺田,male
佐藤 沙雪,沙雪,佐藤,female
村田 空色,空色,村田,male
高橋 泰佐,泰佐,高橋,male
江川 椋子,椋子,江川,female
萩原 湊,湊,萩原,female
山下 士,士,山下,male
山崎 昇,昇,山崎,male
小川 月陽,月陽,小川,female
飯島 瀧之介,瀧之介,飯島,male
石川 一華,一華,石川,female
宮崎 桜良,桜良,宮崎,female
岸 香織,香織,岸,female
薬師寺 冬一郎,冬一郎,薬師寺,male
菊地 冬崇,冬崇,菊地,male
羽田 護,護,羽田,male
近藤 湊,湊,近藤,male
高橋 卯乃葉,卯乃葉,高橋,female
伊奈 鈴美玲,鈴美玲,伊奈,female
斉藤 花蓮,花蓮,斉藤,female
大西 柊伍,柊伍,大西,male
服部 孝次郎,孝次郎,服部,male
久田 春,春,久田,female
水島 友梨乃,友梨乃,水島,female
本城 佳乃子,佳乃子,本城,female
田内 妃梨,妃梨,田内,female
上野 梓咲,梓咲,上野,female
諸星 穂澄,穂澄,諸星,female
山下 涼翔,涼翔,山下,male
中村 輝冬,輝冬,中村,male
今井 華乃美,華乃美,今井,female
石川 椿,椿,石川,female
荻原 玲丞,玲丞,荻原,male
飯田 海美,海美,飯田,female
藤原 深月,深月,藤原,female
佐藤 高昊,高昊,佐藤,male
石川 秋成,秋成,石川,male
島田 卯乃葉,卯乃葉,島田,female
竹田 龍人,龍人,竹田,male
西野 杏菜,杏菜,西野,female
有村 賢人,賢人,有村,male
生沼 一華,一華,生沼,female
谷口 巴子,巴子,谷口,female
三宅 皐,皐,三宅,female
伊藤 和佳,和佳,伊藤,female
古川 友梨乃,友梨乃,古川,female
鈴木 凛,凛,鈴木,female
尾中 蔵之介,蔵之介,尾中,male
佐野 夏太,夏太,佐野,male
落合 凛,凛,落合,female
吉永 空色,空色,吉永,male
橋本 春道,春道,橋本,male
熊谷 弓実,弓実,熊谷,female
西村 温,温,西村,male
宮井 輝冬,輝冬,宮井,male
山田 鈴,鈴,山田,female
林 学,学,林,male
今井 実,実,今井,female
渡辺 守,守,渡辺,male
室田 紗栄子,紗栄子,室田,female
山内 依央奈,依央奈,山内,female
村崎 稜介,稜介,村崎,male
高砂 史緒里,史緒里,高砂,female
井上 鈴音,鈴音,井上,female
関 護,護,関,male
南 悠人,悠人,南,male
川本 海空,海空,川本,female
西村 仁,仁,西村,male
山田 陽太,陽太,山田,male
村上 勘太,勘太,村上,male
田中 穂風,穂風,田中,male
松本 龍之介,龍之介,松本,male
常盤 冬也,冬也,常盤,male
本堂 莉,莉,本堂,female
崎原 花耶,花耶,崎原,female
佐藤 涼吾,涼吾,佐藤,male
曽根 美琴,美琴,曽根,female
大川 天空,天空,大川,male
石田 一華,一華,石田,female
早川 典夫,典夫,早川,male
木村 信織,信織,木村,male
田中 泰佐,泰佐,田中,male
後藤 秋貴,秋貴,後藤,male
松尾 夏空,夏空,松尾,male
草野 唯花,唯花,草野,female
石塚 奈藤,奈藤,石塚,female
矢沢 初樹,初樹,矢沢,male
福田 秋登,秋登,福田,male
勝村 ゆき,ゆき,勝村,female
東 穣士,穣士,東,male
武井 貴雄,貴雄,武井,male
染谷 勘太,勘太,染谷,male
小嶋 景子,景子,小嶋,female
淡路 和人,和人,淡路,male
水谷 楓乃,楓乃,水谷,female
津久井 唯,唯,津久井,female